id,name,anime,role,rarity,rarity_score,popularity_tier,description,aliases,image_url
1,Sakura Haruno,Naruto,main,Legendary,90,5,Tsundere teammate of Team 7 who trains under Tsunade to become a medical ninja.,haruno;sak;sakura;sakura haruno,https://via.placeholder.com/500x700.png?text=Sakura+Haruno&c8c453fb
2,Hinata Hyuga,Naruto,main,Mythic,95,6,Shy heiress of the Hyuga clan who admires Naruto and wields the Byakugan.,hin;hinata;hinata hyuga;hyuga,https://via.placeholder.com/500x700.png?text=Hinata+Hyuga&62592e91
3,Tsunade,Naruto,main,Legendary,80,5,Fifth Hokage and legendary Sannin known for her superhuman strength and medical ninjutsu.,tsu;tsunade,https://via.placeholder.com/500x700.png?text=Tsunade&e5970097
4,Ino Yamanaka,Naruto,side,Rare,48,3,Mind-transfer specialist of the Yamanaka clan and Sakura's lifelong rival.,ino;ino yamanaka;yamanaka,https://via.placeholder.com/500x700.png?text=Ino+Yamanaka&52955f43
5,Tenten,Naruto,side,Uncommon,27,2,Weapon-summoning kunoichi of Team Guy who never misses a throw.,ten;tenten,https://via.placeholder.com/500x700.png?text=Tenten&bffadc29
6,Temari,Naruto,side,Rare,47,3,Fan-wielding wind user from the Sand Village and Gaara's older sister.,tem;temari,https://via.placeholder.com/500x700.png?text=Temari&7904c079
7,Karin,Naruto,side,Uncommon,24,2,Uzumaki-descendant sensor ninja loyal to Sasuke with healing bite ability.,kar;karin,https://via.placeholder.com/500x700.png?text=Karin&5b591ed6
8,Kushina Uzumaki,Naruto,side,Epic,63,4,Naruto's red-haired mother and former Nine-Tails jinchuriki.,kus;kushina;kushina uzumaki;uzumaki,https://via.placeholder.com/500x700.png?text=Kushina+Uzumaki&954b827e
9,Mei Terumi,Naruto,side,Epic,77,4,Fifth Mizukage with two kekkei genkai: Lava and Boil Release.,mei;mei terumi;terumi,https://via.placeholder.com/500x700.png?text=Mei+Terumi&6b874f10
10,Konan,Naruto,villain,Epic,62,4,Angel of Amegakure and Akatsuki's paper-jutsu master.,kon;konan,https://via.placeholder.com/500x700.png?text=Konan&1551fdd1
11,Kurenai Yuhi,Naruto,side,Uncommon,38,2,Genjutsu specialist and Team 8's sensei.,kur;kurenai;kurenai yuhi;yuhi,https://via.placeholder.com/500x700.png?text=Kurenai+Yuhi&a2897e83
12,Shizune,Naruto,side,Uncommon,33,2,Tsunade's loyal assistant and skilled medical ninja.,shi;shizune,https://via.placeholder.com/500x700.png?text=Shizune&0935f3ee
13,Hanabi Hyuga,Naruto,side,Rare,41,3,Hinata's younger sister and Hyuga clan prodigy.,han;hanabi;hanabi hyuga;hyuga,https://via.placeholder.com/500x700.png?text=Hanabi+Hyuga&ee2f06c9
14,Moegi,Naruto,support,Common,1,1,Cheerful member of Konohamaru's youth squad.,moe;moegi,https://via.placeholder.com/500x700.png?text=Moegi&6850beeb
15,Tayuya,Naruto,villain,Uncommon,22,2,Flute-wielding Sound Four member with genjutsu melodies.,tay;tayuya,https://via.placeholder.com/500x700.png?text=Tayuya&67edc9f8
16,Karui,Naruto,side,Common,7,1,Hot-headed Cloud kunoichi who later marries Choji.,kar;karui,https://via.placeholder.com/500x700.png?text=Karui&9d0b7aad
17,Samui,Naruto,side,Uncommon,27,2,"Calm, buxom Cloud kunoichi who leads Team Samui.",sam;samui,https://via.placeholder.com/500x700.png?text=Samui&33e1f472
18,Yugito Nii,Naruto,side,Uncommon,36,2,Jinchuriki of the Two-Tails and skilled Cloud ninja.,nii;yug;yugito;yugito nii,https://via.placeholder.com/500x700.png?text=Yugito+Nii&3c0fab5d
19,Nami,One Piece,main,Mythic,99,6,Straw Hat navigator who dreams of drawing a complete map of the world.,nam;nami,https://via.placeholder.com/500x700.png?text=Nami&148a20bc
20,Nico Robin,One Piece,main,Legendary,80,5,Archaeologist who can sprout body parts anywhere via the Hana Hana no Mi.,nic;nico;nico robin;robin,https://via.placeholder.com/500x700.png?text=Nico+Robin&8bc40593
21,Boa Hancock,One Piece,side,Mythic,99,6,Snake Princess of Amazon Lily whose beauty literally turns men to stone.,boa;boa hancock;hancock,https://via.placeholder.com/500x700.png?text=Boa+Hancock&d18c25a9
22,Nefertari Vivi,One Piece,side,Epic,66,4,Princess of Alabasta who traveled with the Straw Hats in disguise.,nef;nefertari;nefertari vivi;vivi,https://via.placeholder.com/500x700.png?text=Nefertari+Vivi&7cd441c6
23,Shirahoshi,One Piece,side,Rare,57,3,Giant mermaid princess of Fishman Island and ancient weapon Poseidon.,shi;shirahoshi,https://via.placeholder.com/500x700.png?text=Shirahoshi&eae2bb3e
24,Perona,One Piece,side,Rare,53,3,Goth ghost-girl of Thriller Bark with the Negative Hollow power.,per;perona,https://via.placeholder.com/500x700.png?text=Perona&73fe97e0
25,Big Mom,One Piece,villain,Epic,67,4,"Yonko Charlotte Linlin, ruler of Totto Land and soul-soul fruit user.",big;big mom;mom,https://via.placeholder.com/500x700.png?text=Big+Mom&285d9041
26,Tashigi,One Piece,side,Uncommon,34,2,Swordswoman Marine who looks like Kuina and wields Shigure.,tas;tashigi,https://via.placeholder.com/500x700.png?text=Tashigi&5f08b895
27,Makino,One Piece,support,Common,19,1,Kind bartender of Foosha Village and Luffy's childhood friend.,mak;makino,https://via.placeholder.com/500x700.png?text=Makino&21585d94
28,Kaya,One Piece,support,Uncommon,28,2,Wealthy heiress and Usopp's friend who became a doctor.,kay;kaya,https://via.placeholder.com/500x700.png?text=Kaya&13d3e635
29,Nojiko,One Piece,support,Common,1,1,Nami's adoptive sister who runs a tangerine grove in Cocoyasi.,noj;nojiko,https://via.placeholder.com/500x700.png?text=Nojiko&c6fad6d9
30,Conis,One Piece,side,Common,6,1,Sky Island girl who befriends the Straw Hats on Skypiea.,con;conis,https://via.placeholder.com/500x700.png?text=Conis&a7671f32
31,Camie,One Piece,support,Common,14,1,Cheerful mermaid who runs into the Straw Hats on Sabaody.,cam;camie,https://via.placeholder.com/500x700.png?text=Camie&7dbfe9c0
32,Marguerite,One Piece,side,Uncommon,30,2,Kuja warrior of Amazon Lily who befriends Luffy.,mar;marguerite,https://via.placeholder.com/500x700.png?text=Marguerite&d08bc000
33,Sandersonia,One Piece,side,Uncommon,28,2,Boa Hancock's younger sister and Kuja pirate.,san;sandersonia,https://via.placeholder.com/500x700.png?text=Sandersonia&d91669ec
34,Marigold,One Piece,side,Uncommon,24,2,Boa Hancock's younger sister who fights with a snake staff.,mar;marigold,https://via.placeholder.com/500x700.png?text=Marigold&5ff71927
35,Stussy,One Piece,side,Uncommon,26,2,Underworld emperor who is secretly a clone of Miss Buckingham.,stu;stussy,https://via.placeholder.com/500x700.png?text=Stussy&90530be4
36,Vinsmoke Reiju,One Piece,side,Rare,50,3,Poison Pink of the Vinsmoke family and Sanji's sister.,reiju;vin;vinsmoke;vinsmoke reiju,https://via.placeholder.com/500x700.png?text=Vinsmoke+Reiju&3d274eda
37,Yamato,One Piece,side,Epic,63,4,Kaido's daughter who idolizes Oden and aspires to be him.,yam;yamato,https://via.placeholder.com/500x700.png?text=Yamato&9e9e5144
38,Carrot,One Piece,side,Uncommon,22,2,Mink warrior who can transform with a full moon.,car;carrot,https://via.placeholder.com/500x700.png?text=Carrot&1ed10d1b
39,Rukia Kuchiki,Bleach,main,Legendary,86,5,Soul Reaper who gave Ichigo his powers; wields the ice sword Sode no Shirayuki.,kuchiki;ruk;rukia;rukia kuchiki,https://via.placeholder.com/500x700.png?text=Rukia+Kuchiki&87a66bd5
40,Orihime Inoue,Bleach,main,Epic,63,4,Classmate of Ichigo with reality-rejecting Shun Shun Rikka powers.,inoue;ori;orihime;orihime inoue,https://via.placeholder.com/500x700.png?text=Orihime+Inoue&41f3eefa
41,Yoruichi Shihoin,Bleach,side,Legendary,85,5,Former Squad 2 captain who can transform into a black cat.,shihoin;yor;yoruichi;yoruichi shihoin,https://via.placeholder.com/500x700.png?text=Yoruichi+Shihoin&11f65c15
42,Rangiku Matsumoto,Bleach,side,Epic,71,4,Lieutenant of Squad 10 with the ash-spreading zanpakuto Haineko.,matsumoto;ran;rangiku;rangiku matsumoto,https://via.placeholder.com/500x700.png?text=Rangiku+Matsumoto&0fbd22a5
43,Soi Fon,Bleach,side,Rare,59,3,Captain of Squad 2 and commander of the Onmitsukido.,fon;soi;soi fon,https://via.placeholder.com/500x700.png?text=Soi+Fon&63358053
44,Tier Halibel,Bleach,villain,Epic,68,4,Third Espada and ruler of water-based attacks.,halibel;tie;tier;tier halibel,https://via.placeholder.com/500x700.png?text=Tier+Halibel&3292000b
45,Neliel Tu Oderschvank,Bleach,side,Rare,41,3,Former Third Espada who appears as a child until her true form returns.,nel;neliel;neliel oderschvank;neliel tu;neliel tu oderschvank;oderschvank,https://via.placeholder.com/500x700.png?text=Neliel+Tu+Oderschvank&dbb0308a
46,Momo Hinamori,Bleach,side,Uncommon,34,2,Lieutenant of Squad 5 and Aizen's devoted subordinate.,hinamori;mom;momo;momo hinamori,https://via.placeholder.com/500x700.png?text=Momo+Hinamori&6919ec84
47,Isane Kotetsu,Bleach,support,Common,18,1,Lieutenant of Squad 4 with tall stature and healing skills.,isa;isane;isane kotetsu;kotetsu,https://via.placeholder.com/500x700.png?text=Isane+Kotetsu&6577926c
48,Nanao Ise,Bleach,side,Uncommon,23,2,Lieutenant of Squad 1 and skilled kido user.,ise;nan;nanao;nanao ise,https://via.placeholder.com/500x700.png?text=Nanao+Ise&78c82f23
49,Lisa Yadomaru,Bleach,side,Uncommon,32,2,Former Squad 8 lieutenant and Visored with a polearm weapon.,lis;lisa;lisa yadomaru;yadomaru,https://via.placeholder.com/500x700.png?text=Lisa+Yadomaru&704c35a7
50,Hiyori Sarugaki,Bleach,side,Uncommon,22,2,Former Squad 12 lieutenant and aggressive Visored.,hiy;hiyori;hiyori sarugaki;sarugaki,https://via.placeholder.com/500x700.png?text=Hiyori+Sarugaki&77c091ac
51,Mashiro Kuna,Bleach,side,Common,18,1,Visored in a white leotard with kick-based combat style.,kuna;mas;mashiro;mashiro kuna,https://via.placeholder.com/500x700.png?text=Mashiro+Kuna&5c084362
52,Apacci,Bleach,villain,Common,10,1,One of Halibel's three fraccion with a horned aspect.,apa;apacci,https://via.placeholder.com/500x700.png?text=Apacci&1465ab3c
53,Cirucci Sanderwicci,Bleach,villain,Common,12,1,Privaron Espada with wing-like feather attacks.,cir;cirucci;cirucci sanderwicci;sanderwicci,https://via.placeholder.com/500x700.png?text=Cirucci+Sanderwicci&2203e429
54,Lucy Heartfilia,Fairy Tail,main,Legendary,89,5,Celestial Spirit Mage who contracts with zodiac spirits.,heartfilia;luc;lucy;lucy heartfilia,https://via.placeholder.com/500x700.png?text=Lucy+Heartfilia&023f4253
55,Erza Scarlet,Fairy Tail,main,Legendary,83,5,S-Class mage who requips armor and weapons instantly.,erz;erza;erza scarlet;scarlet,https://via.placeholder.com/500x700.png?text=Erza+Scarlet&6f024389
56,Juvia Lockser,Fairy Tail,side,Epic,62,4,"Water mage of Phantom Lord turned Fairy Tail member, obsessed with Gray.",juv;juvia;juvia lockser;lockser,https://via.placeholder.com/500x700.png?text=Juvia+Lockser&6dd5de6d
57,Mirajane Strauss,Fairy Tail,side,Epic,61,4,Barmaid and S-Class Takeover mage with Satan Soul forms.,mir;mirajane;mirajane strauss;strauss,https://via.placeholder.com/500x700.png?text=Mirajane+Strauss&9f9a4158
58,Wendy Marvell,Fairy Tail,main,Epic,67,4,Sky Dragon Slayer of the Cait Shelter guild.,marvell;wen;wendy;wendy marvell,https://via.placeholder.com/500x700.png?text=Wendy+Marvell&f1e1fa24
59,Levy McGarden,Fairy Tail,side,Uncommon,29,2,Solid Script mage and Team Shadow Gear leader.,lev;levy;levy mcgarden;mcgarden,https://via.placeholder.com/500x700.png?text=Levy+McGarden&eadecb4b
60,Cana Alberona,Fairy Tail,side,Rare,42,3,Card mage and drinking champion of Fairy Tail.,alberona;can;cana;cana alberona,https://via.placeholder.com/500x700.png?text=Cana+Alberona&f840f75f
61,Lisanna Strauss,Fairy Tail,side,Uncommon,27,2,Mirajane's younger sister with Animal Soul Takeover.,lis;lisanna;lisanna strauss;strauss,https://via.placeholder.com/500x700.png?text=Lisanna+Strauss&1d61fff9
62,Evergreen,Fairy Tail,side,Uncommon,23,2,Thunder Legion member who turns people to stone with eye contact.,eve;evergreen,https://via.placeholder.com/500x700.png?text=Evergreen&c272fbb9
63,Bisca Connell,Fairy Tail,support,Common,13,1,Gun-magic mage from the Western Continent.,bis;bisca;bisca connell;connell,https://via.placeholder.com/500x700.png?text=Bisca+Connell&16171644
64,Mavis Vermillion,Fairy Tail,side,Epic,68,4,First master of Fairy Tail and tactician with the Fairy Glitter.,mav;mavis;mavis vermillion;vermillion,https://via.placeholder.com/500x700.png?text=Mavis+Vermillion&6c6ec797
65,Meredy,Fairy Tail,side,Uncommon,34,2,Former Grimoire Heart mage who links people's senses.,mer;meredy,https://via.placeholder.com/500x700.png?text=Meredy&ee9a2062
66,Flare Corona,Fairy Tail,side,Common,12,1,Raven Tail mage with prehensile red hair.,corona;fla;flare;flare corona,https://via.placeholder.com/500x700.png?text=Flare+Corona&e58d78d2
67,Brandish,Fairy Tail,villain,Uncommon,25,2,Spriggan 12 member who can command mass and size.,bra;brandish,https://via.placeholder.com/500x700.png?text=Brandish&cafa7674
68,Kyoka,Fairy Tail,villain,Uncommon,31,2,Tartaros Nine Demon Gate with enhancement curse.,kyo;kyoka,https://via.placeholder.com/500x700.png?text=Kyoka&545d8e51
69,Ochaco Uraraka,My Hero Academia,main,Legendary,85,5,Zero-Gravity quirk user aiming to support her family.,och;ochaco;ochaco uraraka;uraraka,https://via.placeholder.com/500x700.png?text=Ochaco+Uraraka&58379882
70,Tsuyu Asui,My Hero Academia,main,Epic,66,4,Frog-quirk classmate who speaks her mind plainly.,asui;tsu;tsuyu;tsuyu asui,https://via.placeholder.com/500x700.png?text=Tsuyu+Asui&314879e1
71,Momo Yaoyorozu,My Hero Academia,side,Epic,68,4,Creation quirk user and class vice president.,mom;momo;momo yaoyorozu;yaoyorozu,https://via.placeholder.com/500x700.png?text=Momo+Yaoyorozu&9eeae6c3
72,Kyoka Jiro,My Hero Academia,side,Rare,42,3,Earphone-jack quirk user with a punk rock aesthetic.,jiro;kyo;kyoka;kyoka jiro,https://via.placeholder.com/500x700.png?text=Kyoka+Jiro&4912779c
73,Mina Ashido,My Hero Academia,side,Rare,59,3,Acid quirk user and best dancer of class 1-A.,ashido;min;mina;mina ashido,https://via.placeholder.com/500x700.png?text=Mina+Ashido&27637211
74,Toru Hagakure,My Hero Academia,side,Uncommon,25,2,Invisible girl whose body refracts light.,hagakure;tor;toru;toru hagakure,https://via.placeholder.com/500x700.png?text=Toru+Hagakure&9ddd347f
75,Himiko Toga,My Hero Academia,villain,Legendary,88,5,Yakuza-obsessed villain who drinks blood to transform.,him;himiko;himiko toga;toga,https://via.placeholder.com/500x700.png?text=Himiko+Toga&b9f4086b
76,Midnight,My Hero Academia,side,Rare,47,3,R-rated hero and UA teacher with a somnambulist quirk.,mid;midnight,https://via.placeholder.com/500x700.png?text=Midnight&c8c01231
77,Mt. Lady,My Hero Academia,side,Rare,45,3,Gigantification pro hero with media savvy.,lady;mt.;mt. lady,https://via.placeholder.com/500x700.png?text=Mt.+Lady&bc035760
78,Mirko,My Hero Academia,side,Epic,74,4,Rabbit-quirk pro hero with fierce kicking combat.,mir;mirko,https://via.placeholder.com/500x700.png?text=Mirko&64020301
79,Lady Nagant,My Hero Academia,villain,Rare,52,3,Former HPSC assassin with sniper-rifle arm.,lad;lady;lady nagant;nagant,https://via.placeholder.com/500x700.png?text=Lady+Nagant&e2addeff
80,Star and Stripe,My Hero Academia,side,Epic,68,4,America's number one hero with New Order quirk.,sta;star;star and;star and stripe;star stripe;stripe,https://via.placeholder.com/500x700.png?text=Star+and+Stripe&1225467a
81,Eri,My Hero Academia,support,Rare,57,3,Child whose Rewind quirk can restore living things.,eri,https://via.placeholder.com/500x700.png?text=Eri&927b8dd0
82,Nana Shimura,My Hero Academia,side,Uncommon,27,2,Seventh holder of One For All and Shigaraki's grandmother.,nan;nana;nana shimura;shimura,https://via.placeholder.com/500x700.png?text=Nana+Shimura&fcf77516
83,La Brava,My Hero Academia,villain,Common,11,1,Hacker who powers Gentle Criminal with her love quirk.,brava;la;la brava,https://via.placeholder.com/500x700.png?text=La+Brava&3686baf0
84,Nezuko Kamado,Demon Slayer,main,Mythic,95,6,Tanjiro's little sister turned demon who retains her humanity.,kamado;nez;nezuko;nezuko kamado,https://via.placeholder.com/500x700.png?text=Nezuko+Kamado&f81aee20
85,Shinobu Kocho,Demon Slayer,main,Legendary,83,5,Insect Hashira whose sword injects wisteria poison.,kocho;shi;shinobu;shinobu kocho,https://via.placeholder.com/500x700.png?text=Shinobu+Kocho&a0274a21
86,Mitsuri Kanroji,Demon Slayer,main,Legendary,93,5,Love Hashira with prehensile hair and superhuman flexibility.,kanroji;mit;mitsuri;mitsuri kanroji,https://via.placeholder.com/500x700.png?text=Mitsuri+Kanroji&564d9d43
87,Kanao Tsuyuri,Demon Slayer,side,Epic,61,4,Quiet Flower Breathing user adopted by the Kocho family.,kan;kanao;kanao tsuyuri;tsuyuri,https://via.placeholder.com/500x700.png?text=Kanao+Tsuyuri&ce4c336c
88,Tamayo,Demon Slayer,side,Rare,50,3,Demon ally who defied Muzan and practices demon medicine.,tam;tamayo,https://via.placeholder.com/500x700.png?text=Tamayo&00ee14a6
89,Daki,Demon Slayer,villain,Epic,72,4,Upper Rank Six with obi-sash attacks and a brother within her.,dak;daki,https://via.placeholder.com/500x700.png?text=Daki&a28cdc47
90,Kanae Kocho,Demon Slayer,side,Uncommon,28,2,Late Flower Hashira and Shinobu's older sister.,kan;kanae;kanae kocho;kocho,https://via.placeholder.com/500x700.png?text=Kanae+Kocho&3f9bd44c
91,Makomo,Demon Slayer,support,Uncommon,22,2,Spirit who taught Tanjiro the Water Breathing forms.,mak;makomo,https://via.placeholder.com/500x700.png?text=Makomo&948a3a7d
92,Aoi Kanzaki,Demon Slayer,support,Uncommon,26,2,Kunoichi caretaker of the Butterfly Mansion.,aoi;aoi kanzaki;kanzaki,https://via.placeholder.com/500x700.png?text=Aoi+Kanzaki&1ddfb8c1
93,Hinatsuru,Demon Slayer,side,Uncommon,38,2,Tengen Uzui's wife and kunoichi of the Sound Hashira.,hin;hinatsuru,https://via.placeholder.com/500x700.png?text=Hinatsuru&98ce9c28
94,Suma,Demon Slayer,side,Uncommon,30,2,Tengen Uzui's overemotional ninja wife.,sum;suma,https://via.placeholder.com/500x700.png?text=Suma&e56721ab
95,Makima,Demon Slayer,support,Common,7,1,Misleading namesake — actually not from this anime. Reserved.,mak;makima,https://via.placeholder.com/500x700.png?text=Makima&314269bb
96,Mikasa Ackerman,Attack on Titan,main,Mythic,100,6,Adopted sister of Eren and the military's top soldier.,ackerman;mik;mikasa;mikasa ackerman,https://via.placeholder.com/500x700.png?text=Mikasa+Ackerman&42c12687
97,Annie Leonhart,Attack on Titan,villain,Epic,75,4,Female Titan and stoic 104th cadet.,ann;annie;annie leonhart;leonhart,https://via.placeholder.com/500x700.png?text=Annie+Leonhart&08cda5b2
98,Sasha Blouse,Attack on Titan,side,Epic,72,4,Potato-loving scout known as the Squad's foodie.,blouse;sas;sasha;sasha blouse,https://via.placeholder.com/500x700.png?text=Sasha+Blouse&0e966fbb
99,Historia Reiss,Attack on Titan,main,Epic,74,4,True heir to the throne who becomes queen.,his;historia;historia reiss;reiss,https://via.placeholder.com/500x700.png?text=Historia+Reiss&0ca9e61b
100,Ymir,Attack on Titan,side,Rare,44,3,Jaw Titan holder and Historia's devoted friend.,ymi;ymir,https://via.placeholder.com/500x700.png?text=Ymir&5cda481d
101,Hange Zoe,Attack on Titan,side,Epic,68,4,Eccentric section commander obsessed with Titans.,han;hange;hange zoe;zoe,https://via.placeholder.com/500x700.png?text=Hange+Zoe&1fdafad1
102,Pieck Finger,Attack on Titan,villain,Rare,44,3,Cart Titan holder who walks on all fours naturally.,finger;pie;pieck;pieck finger,https://via.placeholder.com/500x700.png?text=Pieck+Finger&d6d0dd4c
103,Gabi Braun,Attack on Titan,side,Rare,47,3,Marleyan warrior candidate who inherited the Armored Titan.,braun;gab;gabi;gabi braun,https://via.placeholder.com/500x700.png?text=Gabi+Braun&ca22e5bf
104,Elena,Attack on Titan,side,Common,18,1,Anti-Marleyan volunteer aligned with Zeke.,ele;elena,https://via.placeholder.com/500x700.png?text=Elena&e4392a67
105,Kiyomi Azumabito,Attack on Titan,side,Uncommon,37,2,Hizuru envoy who negotiates with Paradis.,azumabito;kiy;kiyomi;kiyomi azumabito,https://via.placeholder.com/500x700.png?text=Kiyomi+Azumabito&b2713bc6
106,Carla Jaeger,Attack on Titan,support,Uncommon,28,2,Eren's mother whose death set the story in motion.,car;carla;carla jaeger;jaeger,https://via.placeholder.com/500x700.png?text=Carla+Jaeger&d4507ee1
107,Frieda Reiss,Attack on Titan,side,Uncommon,38,2,Founder Titan holder before Grisha took the power.,fri;frieda;frieda reiss;reiss,https://via.placeholder.com/500x700.png?text=Frieda+Reiss&e03360ea
108,Asuna Yuuki,Sword Art Online,main,Legendary,86,5,Lightning flash of SAO and vice commander of the Knights of the Blood.,asu;asuna;asuna yuuki;yuuki,https://via.placeholder.com/500x700.png?text=Asuna+Yuuki&db55eb7f
109,Sinon,Sword Art Online,main,Epic,78,4,Cool sniper of Gun Gale Online with Hecate II.,sin;sinon,https://via.placeholder.com/500x700.png?text=Sinon&3aa2ebb8
110,Leafa,Sword Art Online,side,Rare,52,3,Sylph speedster and Kirito's cousin Suguha.,lea;leafa,https://via.placeholder.com/500x700.png?text=Leafa&9506f51d
111,Silica,Sword Art Online,side,Uncommon,31,2,Beast tamer with a baby dragon named Pina.,sil;silica,https://via.placeholder.com/500x700.png?text=Silica&3c2a2535
112,Lisbeth,Sword Art Online,side,Uncommon,27,2,Lisbeth the mace-wielding blacksmith of SAO.,lis;lisbeth,https://via.placeholder.com/500x700.png?text=Lisbeth&9d2bc5d1
113,Yuuki Konno,Sword Art Online,side,Epic,64,4,Medicuboid prodigy and absolute sword tournament champion.,konno;yuu;yuuki;yuuki konno,https://via.placeholder.com/500x700.png?text=Yuuki+Konno&07215f0d
114,Sachi,Sword Art Online,support,Uncommon,36,2,Member of the Moonlit Black Cats whose death haunted Kirito.,sac;sachi,https://via.placeholder.com/500x700.png?text=Sachi&4f3f8eb5
115,Yuna,Sword Art Online,side,Uncommon,35,2,Virtual idol of the Ordinal Scale AR game.,yun;yuna,https://via.placeholder.com/500x700.png?text=Yuna&d7322d9b
116,Tiese Shtolienen,Sword Art Online,support,Common,3,1,Sacred Swordwoman in Underworld who serves Eugeo.,shtolienen;tie;tiese;tiese shtolienen,https://via.placeholder.com/500x700.png?text=Tiese+Shtolienen&5fa67d92
117,Ronie Arabel,Sword Art Online,support,Common,2,1,Page under Kirito in the Underworld Integrity Knights.,arabel;ron;ronie;ronie arabel,https://via.placeholder.com/500x700.png?text=Ronie+Arabel&5d53d2d2
118,Emilia,Re:Zero,main,Legendary,93,5,Half-elf silver-haired candidate for the Lugunica throne.,emi;emilia,https://via.placeholder.com/500x700.png?text=Emilia&63dac759
119,Rem,Re:Zero,main,Mythic,95,6,Blue-haired maid with the Oni horn and unwavering love for Subaru.,rem,https://via.placeholder.com/500x700.png?text=Rem&d046ddfb
120,Ram,Re:Zero,side,Epic,64,4,Pink-haired maid who lost her horn and adores Roswaal.,ram,https://via.placeholder.com/500x700.png?text=Ram&e5d284b6
121,Beatrice,Re:Zero,side,Epic,65,4,Yin-magic expert who contracts with Subaru as her contractor.,bea;beatrice,https://via.placeholder.com/500x700.png?text=Beatrice&ab3aec6d
122,Echidna,Re:Zero,side,Epic,73,4,Witch of Greed who thirsts for knowledge.,ech;echidna,https://via.placeholder.com/500x700.png?text=Echidna&166e0425
123,Priscilla Barielle,Re:Zero,side,Rare,59,3,Royal candidate whose luck bends reality.,barielle;pri;priscilla;priscilla barielle,https://via.placeholder.com/500x700.png?text=Priscilla+Barielle&cc4a4c3c
124,Anastasia Hoshin,Re:Zero,side,Rare,42,3,Merchant royal candidate with the spirit Julius.,ana;anastasia;anastasia hoshin;hoshin,https://via.placeholder.com/500x700.png?text=Anastasia+Hoshin&9bb975f6
125,Crusch Karsten,Re:Zero,side,Rare,52,3,Duke's daughter and royal candidate of duty and honor.,cru;crusch;crusch karsten;karsten,https://via.placeholder.com/500x700.png?text=Crusch+Karsten&e28935c4
126,Aqua,Konosuba,main,Legendary,86,5,"Goddess of water andaxis cult, useless against toads.",aqu;aqua,https://via.placeholder.com/500x700.png?text=Aqua&255f1b95
127,Megumin,Konosuba,main,Mythic,99,6,Crimson demon arch wizard who can only cast Explosion once a day.,meg;megumin,https://via.placeholder.com/500x700.png?text=Megumin&064616b1
128,Darkness,Konosuba,main,Epic,74,4,Crusader with a masochistic streak and impossible defense.,dar;darkness,https://via.placeholder.com/500x700.png?text=Darkness&63ad3072
129,Yunyun,Konosuba,side,Rare,56,3,Megumin's self-proclaimed rival from the Crimson Demon village.,yun;yunyun,https://via.placeholder.com/500x700.png?text=Yunyun&e609a832
130,Wiz,Konosuba,side,Rare,48,3,Lich shopkeeper with a kind heart and huge bust.,wiz,https://via.placeholder.com/500x700.png?text=Wiz&3d6241a6
131,Chris,Konosuba,side,Uncommon,37,2,Thief friend of Kazuma secretly the goddess Eris.,chr;chris,https://via.placeholder.com/500x700.png?text=Chris&944facfe
132,Touka Kirishima,Tokyo Ghoul,main,Legendary,93,5,Ukaku ghoul waitress of Anteiku and Kaneki's love interest.,kirishima;tou;touka;touka kirishima,https://via.placeholder.com/500x700.png?text=Touka+Kirishima&72b2cc04
133,Hinami Fueguchi,Tokyo Ghoul,side,Rare,40,3,Ghoul child with kagune from both her parents.,fueguchi;hin;hinami;hinami fueguchi,https://via.placeholder.com/500x700.png?text=Hinami+Fueguchi&42844e17
134,Rize Kamishiro,Tokyo Ghoul,villain,Epic,63,4,Binge eater whose kagune was harvested to create Kaneki.,kamishiro;riz;rize;rize kamishiro,https://via.placeholder.com/500x700.png?text=Rize+Kamishiro&ff2df864
135,Eto Yoshimura,Tokyo Ghoul,villain,Epic,77,4,One-eyed owl and founding leader of Aogiri Tree.,eto;eto yoshimura;yoshimura,https://via.placeholder.com/500x700.png?text=Eto+Yoshimura&a4ed72c4
136,Akira Mado,Tokyo Ghoul,side,Rare,48,3,Daughter of Kureo Mado and skilled CCG investigator.,aki;akira;akira mado;mado,https://via.placeholder.com/500x700.png?text=Akira+Mado&c59e18e1
137,Roma Hoito,Tokyo Ghoul,villain,Uncommon,30,2,Clown-masked ghoul who loves chaos and the SSS rating.,hoito;rom;roma;roma hoito,https://via.placeholder.com/500x700.png?text=Roma+Hoito&5f391073
138,Winry Rockbell,Fullmetal Alchemist,main,Legendary,81,5,Automail mechanic and childhood friend of the Elric brothers.,rockbell;win;winry;winry rockbell,https://via.placeholder.com/500x700.png?text=Winry+Rockbell&ee43cde1
139,Riza Hawkeye,Fullmetal Alchemist,main,Legendary,84,5,Roy Mustang's loyal aide and expert sharpshooter.,hawkeye;riz;riza;riza hawkeye,https://via.placeholder.com/500x700.png?text=Riza+Hawkeye&cd511d45
140,Lan Fan,Fullmetal Alchemist,side,Rare,53,3,Ling Yao's bodyguard who sacrifices her arm for him.,fan;lan;lan fan,https://via.placeholder.com/500x700.png?text=Lan+Fan&4cc71153
141,Izumi Curtis,Fullmetal Alchemist,side,Epic,65,4,Alchemist teacher of Ed and Al who lost her organs to Truth.,curtis;izu;izumi;izumi curtis,https://via.placeholder.com/500x700.png?text=Izumi+Curtis&a4b39271
142,May Chang,Fullmetal Alchemist,side,Rare,54,3,Xingese princess with alkahestry and a tiny panda.,chang;may;may chang,https://via.placeholder.com/500x700.png?text=May+Chang&2b43575f
143,Paninya,Fullmetal Alchemist,support,Common,1,1,Automail-legged thief of Rush Valley.,pan;paninya,https://via.placeholder.com/500x700.png?text=Paninya&db4f97b8
144,Rose Thomas,Fullmetal Alchemist,support,Uncommon,28,2,Citizen of Liore caught in Cornello's cult.,ros;rose;rose thomas;thomas,https://via.placeholder.com/500x700.png?text=Rose+Thomas&8b35a855
145,Olivier Mira Armstrong,Fullmetal Alchemist,side,Epic,76,4,Northern Wall of Briggs and ice-cold major general.,armstrong;oli;olivier;olivier armstrong;olivier mira;olivier mira armstrong,https://via.placeholder.com/500x700.png?text=Olivier+Mira+Armstrong&fe597c4d
146,Faye Valentine,Cowboy Bebop,main,Legendary,92,5,"Gambling, debt-ridden bounty hunter aboard the Bebop.",fay;faye;faye valentine;valentine,https://via.placeholder.com/500x700.png?text=Faye+Valentine&11706be0
147,Ed,Cowboy Bebop,side,Epic,65,4,Eccentric young hacker with a tomato obsession.,ed,https://via.placeholder.com/500x700.png?text=Ed&30db2fdf
148,Julia,Cowboy Bebop,side,Rare,56,3,Spike's lost love at the center of his past.,jul;julia,https://via.placeholder.com/500x700.png?text=Julia&2344521e
149,Rei Ayanami,Evangelion,main,Legendary,94,5,Quiet First Children piloting EVA-00.,ayanami;rei;rei ayanami,https://via.placeholder.com/500x700.png?text=Rei+Ayanami&629afdb2
150,Asuka Langley Soryu,Evangelion,main,Legendary,81,5,Proud Second Children piloting EVA-02.,asu;asuka;asuka langley;asuka langley soryu;asuka soryu;soryu,https://via.placeholder.com/500x700.png?text=Asuka+Langley+Soryu&c3818321
151,Misato Katsuragi,Evangelion,side,Epic,69,4,Beer-loving NERV operations director and guardian.,katsuragi;mis;misato;misato katsuragi,https://via.placeholder.com/500x700.png?text=Misato+Katsuragi&0795c6bb
152,Ritsuko Akagi,Evangelion,side,Rare,56,3,NERV scientist managing the MAGI supercomputers.,akagi;rit;ritsuko;ritsuko akagi,https://via.placeholder.com/500x700.png?text=Ritsuko+Akagi&cd16a677
153,Mari Illustrious Makinami,Evangelion,side,Rare,59,3,Cheerful EVA pilot introduced in the Rebuild films.,makinami;mar;mari;mari illustrious;mari illustrious makinami;mari makinami,https://via.placeholder.com/500x700.png?text=Mari+Illustrious+Makinami&e5fb0c2d
154,Yui Ikari,Evangelion,support,Uncommon,26,2,Shinji's mother whose soul resides in EVA-01.,ikari;yui;yui ikari,https://via.placeholder.com/500x700.png?text=Yui+Ikari&b66bf2f6
155,C.C.,Code Geass,main,Legendary,82,5,Immortal witch who bestows Geass on chosen contractors.,c.c;c.c.,https://via.placeholder.com/500x700.png?text=C.C.&a6e5fec5
156,Kallen Stadtfeld,Code Geass,main,Epic,71,4,Half-Britannian half-Japanese ace Knightmare pilot.,kal;kallen;kallen stadtfeld;stadtfeld,https://via.placeholder.com/500x700.png?text=Kallen+Stadtfeld&38fd214b
157,Shirley Fenette,Code Geass,side,Rare,45,3,Lelouch's cheerful classmate whose life is torn by war.,fenette;shi;shirley;shirley fenette,https://via.placeholder.com/500x700.png?text=Shirley+Fenette&601b6717
158,Milly Ashford,Code Geass,side,Uncommon,37,2,Energetic student council president at Ashford Academy.,ashford;mil;milly;milly ashford,https://via.placeholder.com/500x700.png?text=Milly+Ashford&e75c61d1
159,Nina Einstein,Code Geass,side,Uncommon,36,2,Brilliant but unstable student who built FLEIJAs.,einstein;nin;nina;nina einstein,https://via.placeholder.com/500x700.png?text=Nina+Einstein&9026705f
160,Euphemia li Britannia,Code Geass,side,Epic,60,4,Lelouch's kind sister and the tragic Princess Massacre victim.,britannia;eup;euphemia;euphemia britannia;euphemia li;euphemia li britannia,https://via.placeholder.com/500x700.png?text=Euphemia+li+Britannia&4786c09b
161,Villetta Nu,Code Geass,side,Uncommon,39,2,Pureblood Britannian operative entangled with Ohgi.,nu;vil;villetta;villetta nu,https://via.placeholder.com/500x700.png?text=Villetta+Nu&6967bc82
162,Kurisu Makise,Steins;Gate,main,Mythic,97,6,Genius neuroscience researcher and reluctant lab member.,kur;kurisu;kurisu makise;makise,https://via.placeholder.com/500x700.png?text=Kurisu+Makise&22e4b250
163,Mayuri Shiina,Steins;Gate,main,Epic,75,4,Innocent childhood friend of Okabe with the tuturu greeting.,may;mayuri;mayuri shiina;shiina,https://via.placeholder.com/500x700.png?text=Mayuri+Shiina&0bed4894
164,Faris NyanNyan,Steins;Gate,side,Uncommon,20,2,Maid cafe queen with cat ears and chess-like moe.,far;faris;faris nyannyan;nyannyan,https://via.placeholder.com/500x700.png?text=Faris+NyanNyan&533773b5
165,Suzuha Amane,Steins;Gate,side,Rare,43,3,Time traveler disguised as a part-time worker.,amane;suz;suzuha;suzuha amane,https://via.placeholder.com/500x700.png?text=Suzuha+Amane&3e87da9d
166,Moeka Kiryu,Steins;Gate,side,Uncommon,31,2,Shy text-addicted SERN agent with a flip phone.,kiryu;moe;moeka;moeka kiryu,https://via.placeholder.com/500x700.png?text=Moeka+Kiryu&1a1f1c13
167,Nagisa Furukawa,Clannad,main,Epic,69,4,Frail girl whose dream is to revive the drama club.,furukawa;nag;nagisa;nagisa furukawa,https://via.placeholder.com/500x700.png?text=Nagisa+Furukawa&ffdd4149
168,Kyou Fujibayashi,Clannad,side,Rare,47,3,Aggressive class rep with a pet baby boar.,fujibayashi;kyo;kyou;kyou fujibayashi,https://via.placeholder.com/500x700.png?text=Kyou+Fujibayashi&47d8ca45
169,Tomoyo Sakagami,Clannad,side,Rare,41,3,Transfer student with devastating kicks and city council ambitions.,sakagami;tom;tomoyo;tomoyo sakagami,https://via.placeholder.com/500x700.png?text=Tomoyo+Sakagami&a62408b8
170,Kotomi Ichinose,Clannad,side,Uncommon,27,2,Quiet genius librarian whose parents were researchers.,ichinose;kot;kotomi;kotomi ichinose,https://via.placeholder.com/500x700.png?text=Kotomi+Ichinose&973d8c2e
171,Ryou Fujibayashi,Clannad,support,Uncommon,38,2,Kyou's twin sister and shy class rep.,fujibayashi;ryo;ryou;ryou fujibayashi,https://via.placeholder.com/500x700.png?text=Ryou+Fujibayashi&4667c8be
172,Fuko Ibuki,Clannad,side,Uncommon,22,2,Spirit girl who carves wooden starfish as gifts.,fuk;fuko;fuko ibuki;ibuki,https://via.placeholder.com/500x700.png?text=Fuko+Ibuki&04505bd4
173,Yui Hirasawa,K-On!,main,Epic,62,4,Energetic lead guitarist of the Ho-kago Tea Time.,hirasawa;yui;yui hirasawa,https://via.placeholder.com/500x700.png?text=Yui+Hirasawa&269e6457
174,Mio Akiyama,K-On!,main,Epic,75,4,Bassist and lyricist terrified by scary things.,akiyama;mio;mio akiyama,https://via.placeholder.com/500x700.png?text=Mio+Akiyama&a31d1650
175,Ritsu Tainaka,K-On!,side,Uncommon,22,2,Drummer and club president with a mischievous streak.,rit;ritsu;ritsu tainaka;tainaka,https://via.placeholder.com/500x700.png?text=Ritsu+Tainaka&145413c1
176,Tsumugi Kotobuki,K-On!,side,Uncommon,37,2,Wealthy keyboardist fascinated by commoner life.,kotobuki;tsu;tsumugi;tsumugi kotobuki,https://via.placeholder.com/500x700.png?text=Tsumugi+Kotobuki&4224a80e
177,Azusa Nakano,K-On!,side,Rare,44,3,Serious second-year guitarist and cat-petting favorite.,azu;azusa;azusa nakano;nakano,https://via.placeholder.com/500x700.png?text=Azusa+Nakano&76c61619
178,Ui Hirasawa,K-On!,support,Uncommon,24,2,Yui's dependable younger sister.,hirasawa;ui;ui hirasawa,https://via.placeholder.com/500x700.png?text=Ui+Hirasawa&d2ee0225
179,Honoka Kosaka,Love Live!,main,Epic,75,4,Energetic leader of μ's who saves her school with idols.,hon;honoka;honoka kosaka;kosaka,https://via.placeholder.com/500x700.png?text=Honoka+Kosaka&9bc4cf4a
180,Eli Ayase,Love Live!,side,Rare,57,3,Cool student council president and choreographer.,ayase;eli;eli ayase,https://via.placeholder.com/500x700.png?text=Eli+Ayase&c3194142
181,Kotori Minami,Love Live!,side,Rare,45,3,Fashionable costume designer of μ's.,kot;kotori;kotori minami;minami,https://via.placeholder.com/500x700.png?text=Kotori+Minami&50bc706f
182,Umi Sonoda,Love Live!,side,Rare,48,3,Disciplined lyricist and archery club ace.,sonoda;umi;umi sonoda,https://via.placeholder.com/500x700.png?text=Umi+Sonoda&4f783492
183,Rin Hoshizora,Love Live!,side,Uncommon,36,2,Athletic cat-like member with nya verbal tic.,hoshizora;rin;rin hoshizora,https://via.placeholder.com/500x700.png?text=Rin+Hoshizora&ac017d59
184,Maki Nishikino,Love Live!,side,Rare,59,3,Tsundere composer training to be a doctor.,mak;maki;maki nishikino;nishikino,https://via.placeholder.com/500x700.png?text=Maki+Nishikino&23229085
185,Nozomi Tojo,Love Live!,side,Uncommon,33,2,Spiritual vice president with the legendary washi washi.,noz;nozomi;nozomi tojo;tojo,https://via.placeholder.com/500x700.png?text=Nozomi+Tojo&e9ce5b0f
186,Hanayo Koizumi,Love Live!,side,Uncommon,26,2,Shy idol fan turned μ's member.,han;hanayo;hanayo koizumi;koizumi,https://via.placeholder.com/500x700.png?text=Hanayo+Koizumi&b9dcec86
187,Nico Yazawa,Love Live!,side,Epic,77,4,Proud idol with the iconic Nico Nico Nii.,nic;nico;nico yazawa;yazawa,https://via.placeholder.com/500x700.png?text=Nico+Yazawa&1cda641b
188,Miku Hatsune,Vocaloid,main,Mythic,100,6,Turquoise virtual idol and the most famous Vocaloid in the world.,hatsune;mik;miku;miku hatsune,https://via.placeholder.com/500x700.png?text=Miku+Hatsune&782a4366
189,Luka Megurine,Vocaloid,side,Rare,46,3,Bilingual pink Vocaloid with a mature voice.,luk;luka;luka megurine;megurine,https://via.placeholder.com/500x700.png?text=Luka+Megurine&3207e308
190,Meiko,Vocaloid,support,Uncommon,29,2,First Japanese Vocaloid with a powerful voice.,mei;meiko,https://via.placeholder.com/500x700.png?text=Meiko&bda7cc06
191,Rin Kagamine,Vocaloid,side,Rare,52,3,Blond twin Vocaloid paired with Len.,kagamine;rin;rin kagamine,https://via.placeholder.com/500x700.png?text=Rin+Kagamine&701187ae
192,Bulma,Dragon Ball,main,Legendary,90,5,Brilliant Capsule Corp inventor who started the Dragon Ball hunt.,bul;bulma,https://via.placeholder.com/500x700.png?text=Bulma&a54f1dd0
193,Android 18,Dragon Ball,side,Legendary,90,5,"Lazuli, the cyborg who defeated Vegeta and married Krillin.",18;and;android;android 18,https://via.placeholder.com/500x700.png?text=Android+18&f70a5330
194,Videl,Dragon Ball,side,Rare,51,3,Daughter of Mr. Satan who learned to fly from Gohan.,vid;videl,https://via.placeholder.com/500x700.png?text=Videl&b6beadaf
195,Chi-Chi,Dragon Ball,side,Rare,54,3,Ox King's daughter and Gohan's strict mother.,chi;chi-chi,https://via.placeholder.com/500x700.png?text=Chi-Chi&c46482df
196,Launch,Dragon Ball,support,Uncommon,36,2,Girl whose personality flips when she sneezes.,lau;launch,https://via.placeholder.com/500x700.png?text=Launch&9506f0fd
197,Mai,Dragon Ball,villain,Uncommon,34,2,"Pilaf gang's sharpshooter, later Trunks' friend.",mai,https://via.placeholder.com/500x700.png?text=Mai&9fd8e50c
198,Android 21,Dragon Ball,villain,Rare,43,3,Bio-android researcher with a hunger for fighters.,21;and;android;android 21,https://via.placeholder.com/500x700.png?text=Android+21&be70ed39
199,Kale,Dragon Ball Super,side,Rare,47,3,Universe 6 Saiyan who transforms into a Broly-like form.,kal;kale,https://via.placeholder.com/500x700.png?text=Kale&dfc554a8
200,Misty,Pokemon,main,Legendary,83,5,Cerulean Gym leader who travels with Ash.,mis;misty,https://via.placeholder.com/500x700.png?text=Misty&e9968202
201,May,Pokemon,main,Epic,62,4,Hoenn coordinator and daughter of Norman.,may,https://via.placeholder.com/500x700.png?text=May&195fbb57
202,Dawn,Pokemon,main,Epic,70,4,Sinnoh coordinator with a Piplup partner.,daw;dawn,https://via.placeholder.com/500x700.png?text=Dawn&79313848
203,Serena,Pokemon,main,Epic,60,4,Kalos companion who performs in Pokemon Showcases.,ser;serena,https://via.placeholder.com/500x700.png?text=Serena&28fe9b60
204,Lillie,Pokemon,side,Rare,58,3,Alolan girl with a Cosmog nicknamed Nebby.,lil;lillie,https://via.placeholder.com/500x700.png?text=Lillie&bb375f7c
205,Usagi Tsukino,Sailor Moon,main,Legendary,88,5,Clumsy crybaby who transforms into Sailor Moon.,tsukino;usa;usagi;usagi tsukino,https://via.placeholder.com/500x700.png?text=Usagi+Tsukino&cf9699bf
206,Ami Mizuno,Sailor Moon,main,Epic,67,4,Brilliant bookworm Sailor Mercury with water powers.,ami;ami mizuno;mizuno,https://via.placeholder.com/500x700.png?text=Ami+Mizuno&3c17fcc2
207,Rei Hino,Sailor Moon,main,Epic,78,4,Shrine maiden Sailor Mars with fire attacks.,hino;rei;rei hino,https://via.placeholder.com/500x700.png?text=Rei+Hino&2434f62d
208,Makoto Kino,Sailor Moon,main,Epic,67,4,Tall tomboy Sailor Jupiter with lightning magic.,kino;mak;makoto;makoto kino,https://via.placeholder.com/500x700.png?text=Makoto+Kino&3f73f391
209,Minako Aino,Sailor Moon,main,Epic,60,4,Sailor Venus and the original Sailor V.,aino;min;minako;minako aino,https://via.placeholder.com/500x700.png?text=Minako+Aino&48a0ac13
210,Haruka Tenoh,Sailor Moon,side,Rare,42,3,Tomboy Sailor Uranus with wind attacks.,har;haruka;haruka tenoh;tenoh,https://via.placeholder.com/500x700.png?text=Haruka+Tenoh&5b84f2a4
211,Michiru Kaioh,Sailor Moon,side,Rare,41,3,Elegant violinist Sailor Neptune.,kaioh;mic;michiru;michiru kaioh,https://via.placeholder.com/500x700.png?text=Michiru+Kaioh&8d47a410
212,Setsuna Meioh,Sailor Moon,side,Rare,47,3,Mysterious Sailor Pluto guarding time.,meioh;set;setsuna;setsuna meioh,https://via.placeholder.com/500x700.png?text=Setsuna+Meioh&0f7dcde8
213,Hotaru Tomoe,Sailor Moon,side,Rare,42,3,Fragile girl reborn as Sailor Saturn.,hot;hotaru;hotaru tomoe;tomoe,https://via.placeholder.com/500x700.png?text=Hotaru+Tomoe&25d44875
214,Chibiusa,Sailor Moon,side,Rare,41,3,Future daughter of Usagi with pink hair.,chi;chibiusa,https://via.placeholder.com/500x700.png?text=Chibiusa&31355653
215,Madoka Kaname,Madoka Magica,main,Legendary,93,5,Kind-hearted girl who becomes the goddess of magical girls.,kaname;mad;madoka;madoka kaname,https://via.placeholder.com/500x700.png?text=Madoka+Kaname&ad9db498
216,Homura Akemi,Madoka Magica,main,Mythic,97,6,Time-looping magical girl devoted to saving Madoka.,akemi;hom;homura;homura akemi,https://via.placeholder.com/500x700.png?text=Homura+Akemi&c7d0a435
217,Sayaka Miki,Madoka Magica,main,Epic,62,4,Idealistic swordswoman who falls into despair.,miki;say;sayaka;sayaka miki,https://via.placeholder.com/500x700.png?text=Sayaka+Miki&3e362588
218,Mami Tomoe,Madoka Magica,side,Epic,76,4,Veteran ribbon-gun magical girl whose head often rolls.,mam;mami;mami tomoe;tomoe,https://via.placeholder.com/500x700.png?text=Mami+Tomoe&e71fde5f
219,Kyoko Sakura,Madoka Magica,side,Epic,67,4,Spear-wielding magical girl who fights for food.,kyo;kyoko;kyoko sakura;sakura,https://via.placeholder.com/500x700.png?text=Kyoko+Sakura&7a64e55a
220,Nagisa Momoe,Madoka Magica,support,Uncommon,28,2,Cheese-loving magical girl reborn as Beatrix.,momoe;nag;nagisa;nagisa momoe,https://via.placeholder.com/500x700.png?text=Nagisa+Momoe&acc27e00
221,Taiga Aisaka,Toradora!,main,Legendary,90,5,Tiny palm-top tiger with fierce swings at Ryuuji.,aisaka;tai;taiga;taiga aisaka,https://via.placeholder.com/500x700.png?text=Taiga+Aisaka&b9add497
222,Minori Kushieda,Toradora!,side,Rare,55,3,Energetic softball captain with a hidden sorrowful side.,kushieda;min;minori;minori kushieda,https://via.placeholder.com/500x700.png?text=Minori+Kushieda&3707ab92
223,Ami Kawashima,Toradora!,side,Rare,46,3,Model transfer student with a manipulative streak.,ami;ami kawashima;kawashima,https://via.placeholder.com/500x700.png?text=Ami+Kawashima&dbd691b3
224,Yasuko Takasu,Toradora!,support,Uncommon,37,2,Ryuuji's mother who works as a night hostess.,takasu;yas;yasuko;yasuko takasu,https://via.placeholder.com/500x700.png?text=Yasuko+Takasu&88bd1e51
225,Mai Sakurajima,Bunny Girl Senpai,main,Legendary,82,5,Adolescence Syndrome-stricken actress in a bunny outfit.,mai;mai sakurajima;sakurajima,https://via.placeholder.com/500x700.png?text=Mai+Sakurajima&c8f7df98
226,Futaba Rio,Bunny Girl Senpai,side,Rare,58,3,Science club member dealing with her own split selves.,fut;futaba;futaba rio;rio,https://via.placeholder.com/500x700.png?text=Futaba+Rio&6c0cfef7
227,Nodoka Toyohama,Bunny Girl Senpai,side,Uncommon,38,2,Mai's half-sister with a personality swap crisis.,nod;nodoka;nodoka toyohama;toyohama,https://via.placeholder.com/500x700.png?text=Nodoka+Toyohama&2cb3039a
228,Tomoe Koga,Bunny Girl Senpai,side,Uncommon,35,2,Loop-causing first year who acts like an idol.,koga;tom;tomoe;tomoe koga,https://via.placeholder.com/500x700.png?text=Tomoe+Koga&48e34eac
229,Shoko Makinohara,Bunny Girl Senpai,side,Rare,47,3,Mysterious girl connected to Sakuta's past.,makinohara;sho;shoko;shoko makinohara,https://via.placeholder.com/500x700.png?text=Shoko+Makinohara&a98c9753
230,Yukino Yukinoshita,Oregairu,main,Epic,75,4,Sharp-tongued ice queen of the Service Club.,yuk;yukino;yukino yukinoshita;yukinoshita,https://via.placeholder.com/500x700.png?text=Yukino+Yukinoshita&0049714f
231,Yui Yuigahama,Oregairu,main,Epic,73,4,Cheerful class rep hiding her own insecurities.,yui;yui yuigahama;yuigahama,https://via.placeholder.com/500x700.png?text=Yui+Yuigahama&2c567866
232,Iroha Isshiki,Oregairu,side,Rare,46,3,Calculating student council president with a cute facade.,iro;iroha;iroha isshiki;isshiki,https://via.placeholder.com/500x700.png?text=Iroha+Isshiki&1555613b
233,Haruno Yukinoshita,Oregairu,side,Uncommon,23,2,Yukino's older sister who loves stirring the pot.,har;haruno;haruno yukinoshita;yukinoshita,https://via.placeholder.com/500x700.png?text=Haruno+Yukinoshita&3d370964
234,Suzune Horikita,Classroom of the Elite,main,Epic,63,4,Cold class B leader aiming for class A.,horikita;suz;suzune;suzune horikita,https://via.placeholder.com/500x700.png?text=Suzune+Horikita&9a03a980
235,Kei Karuizawa,Classroom of the Elite,side,Rare,53,3,Class B's hidden queen who becomes Ayanokoji's partner.,karuizawa;kei;kei karuizawa,https://via.placeholder.com/500x700.png?text=Kei+Karuizawa&83a8287c
236,Honami Ichinose,Classroom of the Elite,side,Rare,51,3,Sunny class B leader with a hidden vulnerability.,hon;honami;honami ichinose;ichinose,https://via.placeholder.com/500x700.png?text=Honami+Ichinose&2b3fb3b6
237,Sakura Airi,Classroom of the Elite,side,Uncommon,33,2,Shy photography club member who has a crush on Ayanokoji.,airi;sak;sakura;sakura airi,https://via.placeholder.com/500x700.png?text=Sakura+Airi&6567c772
238,Arisu Sakayanagi,Classroom of the Elite,villain,Uncommon,33,2,Frail class A leader with a mastermind streak.,ari;arisu;arisu sakayanagi;sakayanagi,https://via.placeholder.com/500x700.png?text=Arisu+Sakayanagi&8395caf6
239,Shiina Hiyori,Classroom of the Elite,support,Common,15,1,Quiet class C bibliophile and library regular.,hiyori;shi;shiina;shiina hiyori,https://via.placeholder.com/500x700.png?text=Shiina+Hiyori&edb33c6a
240,Ichika Nakano,Quintessential Quintuplets,main,Epic,61,4,"Eldest sister, aspiring actress, hides her feelings.",ich;ichika;ichika nakano;nakano,https://via.placeholder.com/500x700.png?text=Ichika+Nakano&185a3426
241,Nino Nakano,Quintessential Quintuplets,main,Epic,63,4,Sharp-tongued tsundere second sister who loves cooking.,nakano;nin;nino;nino nakano,https://via.placeholder.com/500x700.png?text=Nino+Nakano&e2063d22
242,Miku Nakano,Quintessential Quintuplets,main,Legendary,80,5,Quiet history-loving third sister with a hidden passion.,mik;miku;miku nakano;nakano,https://via.placeholder.com/500x700.png?text=Miku+Nakano&8e28fd89
243,Yotsuba Nakano,Quintessential Quintuplets,main,Epic,72,4,Cheerful athletic fourth sister hiding a burden.,nakano;yot;yotsuba;yotsuba nakano,https://via.placeholder.com/500x700.png?text=Yotsuba+Nakano&69214652
244,Itsuki Nakano,Quintessential Quintuplets,main,Epic,70,4,Studious fifth sister with a big appetite.,its;itsuki;itsuki nakano;nakano,https://via.placeholder.com/500x700.png?text=Itsuki+Nakano&7a30c490
245,Rena Nakano,Quintessential Quintuplets,support,Uncommon,23,2,The quintuplets' late mother and Fuutaro's first love.,nakano;ren;rena;rena nakano,https://via.placeholder.com/500x700.png?text=Rena+Nakano&3d29a54d
246,Mikoto Misaka,Toaru Kagaku no Railgun,main,Mythic,96,6,Third-strongest Level 5 electromaster of Academy City.,mik;mikoto;mikoto misaka;misaka,https://via.placeholder.com/500x700.png?text=Mikoto+Misaka&25ce5406
247,Kuroko Shirai,Toaru Kagaku no Railgun,side,Epic,66,4,Teleporter and Judgment officer devoted to Onee-sama.,kur;kuroko;kuroko shirai;shirai,https://via.placeholder.com/500x700.png?text=Kuroko+Shirai&a30ef99f
248,Kazari Uiharu,Toaru Kagaku no Railgun,side,Uncommon,26,2,Thermal-hand hacker with a flower hairband.,kaz;kazari;kazari uiharu;uiharu,https://via.placeholder.com/500x700.png?text=Kazari+Uiharu&27efbc5c
249,Ruiko Saten,Toaru Kagaku no Railgun,side,Uncommon,37,2,Level 0 baseball bat girl who flips skirts.,rui;ruiko;ruiko saten;saten,https://via.placeholder.com/500x700.png?text=Ruiko+Saten&bc7edbd1
250,Misaki Shokuhou,Toaru Kagaku no Railgun,side,Epic,74,4,Level 5 Mental Out queen with starlit eyes.,mis;misaki;misaki shokuhou;shokuhou,https://via.placeholder.com/500x700.png?text=Misaki+Shokuhou&e6270287
251,Last Order,Toaru Kagaku no Railgun,support,Uncommon,24,2,Cheerful command tower of the Sisters network.,las;last;last order;order,https://via.placeholder.com/500x700.png?text=Last+Order&1d0875b1
252,Index Librorum Prohibitorum,Toaru Majutsu no Index,side,Rare,53,3,"Sister with photographic memory of 103,000 grimoires.",ind;index;index librorum;index librorum prohibitorum;index prohibitorum;prohibitorum,https://via.placeholder.com/500x700.png?text=Index+Librorum+Prohibitorum&3fd4ac5f
253,Itsuwa,Toaru Majutsu no Index,support,Uncommon,25,2,Amakusa Catholic mage with the Lance of Longinus replica.,its;itsuwa,https://via.placeholder.com/500x700.png?text=Itsuwa&51d8c3b9
254,Nagi Sanzenin,Hayate no Gotoku,main,Rare,48,3,Heiress with otaku hobbies and a crush on Hayate.,nag;nagi;nagi sanzenin;sanzenin,https://via.placeholder.com/500x700.png?text=Nagi+Sanzenin&7c89217a
255,Maria,Hayate no Gotoku,side,Rare,54,3,Brilliant purple-haired maid of the Sanzenin household.,mar;maria,https://via.placeholder.com/500x700.png?text=Maria&cbc19b07
256,Hinagiku Katsura,Hayate no Gotoku,side,Epic,67,4,Student council president and swordswoman.,hin;hinagiku;hinagiku katsura;katsura,https://via.placeholder.com/500x700.png?text=Hinagiku+Katsura&9baeb9e7
257,Ayumu Nishizawa,Hayate no Gotoku,support,Uncommon,22,2,Classmate with a long-standing crush on Hayate.,ayu;ayumu;ayumu nishizawa;nishizawa,https://via.placeholder.com/500x700.png?text=Ayumu+Nishizawa&47f8187e
258,Chiharu Harukaze,Hayate no Gotoku,support,Common,15,1,Maid and classmate of Hinagiku.,chi;chiharu;chiharu harukaze;harukaze,https://via.placeholder.com/500x700.png?text=Chiharu+Harukaze&4ee2b1d7
259,Rias Gremory,High School DxD,main,Legendary,92,5,Crimson-haired devil heiress of the Gremory clan.,gremory;ria;rias;rias gremory,https://via.placeholder.com/500x700.png?text=Rias+Gremory&18148dd9
260,Akeno Himejima,High School DxD,main,Epic,77,4,Half-fallen-angel queen with lightning magic.,ake;akeno;akeno himejima;himejima,https://via.placeholder.com/500x700.png?text=Akeno+Himejima&93f59ace
261,Asia Argento,High School DxD,side,Rare,43,3,Former nun turned devil healer with a dragon.,argento;asi;asia;asia argento,https://via.placeholder.com/500x700.png?text=Asia+Argento&ac2277b5
262,Koneko Toujou,High School DxD,side,Rare,41,3,Tiny white-haired rook who is a nekomata.,kon;koneko;koneko toujou;toujou,https://via.placeholder.com/500x700.png?text=Koneko+Toujou&de3cc675
263,Xenovia Quarta,High School DxD,side,Uncommon,37,2,Exorcist-turned-devil wielding Durandal.,quarta;xen;xenovia;xenovia quarta,https://via.placeholder.com/500x700.png?text=Xenovia+Quarta&5fae5d67
264,Irina Shidou,High School DxD,support,Uncommon,20,2,Childhood friend and angel of the church.,iri;irina;irina shidou;shidou,https://via.placeholder.com/500x700.png?text=Irina+Shidou&3523c852
265,Rossweisse,High School DxD,support,Uncommon,22,2,Valkyrie and magic teacher.,ros;rossweisse,https://via.placeholder.com/500x700.png?text=Rossweisse&ca096ebd
266,Ravel Phenex,High School DxD,support,Uncommon,27,2,Blonde Phenex heiress with rebirth powers.,phenex;rav;ravel;ravel phenex,https://via.placeholder.com/500x700.png?text=Ravel+Phenex&c409177c
267,Zero Two,Darling in the Franxx,main,Legendary,82,5,Pink-haired hybrid pistil known as the Partner Killer.,two;zer;zero;zero two,https://via.placeholder.com/500x700.png?text=Zero+Two&cd9d4b45
268,Ichigo,Darling in the Franxx,main,Rare,53,3,Squad leader pistil with hidden feelings for Hiro.,ich;ichigo,https://via.placeholder.com/500x700.png?text=Ichigo&747b1164
269,Miku,Darling in the Franxx,side,Uncommon,35,2,Twin-tailed pistil partnered with Zorome.,mik;miku,https://via.placeholder.com/500x700.png?text=Miku&e04c3da7
270,Ikuno,Darling in the Franxx,side,Uncommon,35,2,Quiet pistil with glasses and a crush on Ichigo.,iku;ikuno,https://via.placeholder.com/500x700.png?text=Ikuno&bb6d5a91
271,Kokoro,Darling in the Franxx,side,Uncommon,26,2,Gentle pistil fascinated by childbirth.,kok;kokoro,https://via.placeholder.com/500x700.png?text=Kokoro&8f48caf7
272,Ryuko Matoi,Kill la Kill,main,Legendary,93,5,Half-scissor blade wielder wearing sentient Senketsu.,matoi;ryu;ryuko;ryuko matoi,https://via.placeholder.com/500x700.png?text=Ryuko+Matoi&f330c3b8
273,Satsuki Kiryuin,Kill la Kill,main,Epic,72,4,Honnoji Academy president with absolute ambition.,kiryuin;sat;satsuki;satsuki kiryuin,https://via.placeholder.com/500x700.png?text=Satsuki+Kiryuin&1e1d4c41
274,Mako Mankanshoku,Kill la Kill,side,Rare,41,3,Hyperactive best friend with hilarious battle auras.,mak;mako;mako mankanshoku;mankanshoku,https://via.placeholder.com/500x700.png?text=Mako+Mankanshoku&70861d19
275,Nonon Jakuzure,Kill la Kill,side,Uncommon,25,2,Band leader of the Elite Four with a music Goku uniform.,jakuzure;non;nonon;nonon jakuzure,https://via.placeholder.com/500x700.png?text=Nonon+Jakuzure&1f529d5d
276,Ragyo Kiryuin,Kill la Kill,villain,Rare,52,3,Glowing fashion CEO serving the Life Fibers.,kiryuin;rag;ragyo;ragyo kiryuin,https://via.placeholder.com/500x700.png?text=Ragyo+Kiryuin&09fea27c
277,Artoria Pendragon,Fate/Stay Night,main,Mythic,95,6,King Arthur Saber summoned as a Servant.,art;artoria;artoria pendragon;pendragon,https://via.placeholder.com/500x700.png?text=Artoria+Pendragon&cc0e19be
278,Rin Tohsaka,Fate/Stay Night,main,Legendary,86,5,Tsundere magus and twin-tailed heir of the Tohsaka family.,rin;rin tohsaka;tohsaka,https://via.placeholder.com/500x700.png?text=Rin+Tohsaka&183e6917
279,Sakura Matou,Fate/Stay Night,side,Epic,68,4,Gentle adoptive sister with a dark worm-filled past.,matou;sak;sakura;sakura matou,https://via.placeholder.com/500x700.png?text=Sakura+Matou&f84aae63
280,Illyasviel von Einzbern,Fate/Stay Night,side,Epic,74,4,Snow-white homunculus master of Berserker.,einzbern;ill;illyasviel;illyasviel einzbern;illyasviel von;illyasviel von einzbern,https://via.placeholder.com/500x700.png?text=Illyasviel+von+Einzbern&d5bcd34e
281,Taiga Fujimura,Fate/Stay Night,support,Uncommon,29,2,Energetic English teacher and Shirou's guardian.,fujimura;tai;taiga;taiga fujimura,https://via.placeholder.com/500x700.png?text=Taiga+Fujimura&769017d5
282,Medusa,Fate/Stay Night,villain,Epic,73,4,Rider servant with chain nails and Bellerophon.,med;medusa,https://via.placeholder.com/500x700.png?text=Medusa&68e064a1
283,Medea,Fate/Stay Night,villain,Rare,57,3,Caster sorceress who summons rule-breaker.,med;medea,https://via.placeholder.com/500x700.png?text=Medea&3454d960
284,Tamamo no Mae,Fate/Extra,side,Epic,75,4,Caster kitsune servant modeled after the legendary fox.,mae;tam;tamamo;tamamo mae;tamamo no;tamamo no mae,https://via.placeholder.com/500x700.png?text=Tamamo+no+Mae&774ae786
285,Mordred,Fate/Apocrypha,side,Epic,64,4,Rebellious Saber of Red and clone-son of Artoria.,mor;mordred,https://via.placeholder.com/500x700.png?text=Mordred&05a1aa60
286,Jeanne d'Arc,Fate/Apocrypha,main,Epic,66,4,Ruler servant and patron saint of France.,d'arc;jea;jeanne;jeanne d'arc,https://via.placeholder.com/500x700.png?text=Jeanne+d'Arc&64f853d8
287,Scathach,Fate/Grand Order,side,Legendary,84,5,Immortal queen of the Land of Shadows and Lancer teacher.,sca;scathach,https://via.placeholder.com/500x700.png?text=Scathach&57137fa7
288,Ishtar,Fate/Grand Order,side,Epic,66,4,Goddess of beauty hosted in Rin's body.,ish;ishtar,https://via.placeholder.com/500x700.png?text=Ishtar&98235d77
289,Yoko Littner,Gurren Lagann,main,Legendary,80,5,Sniper girl in a bikini top who fights alongside Team Gurren.,littner;yok;yoko;yoko littner,https://via.placeholder.com/500x700.png?text=Yoko+Littner&8e9cc114
290,Nia Teppelin,Gurren Lagann,side,Rare,58,3,Spiral-foundling princess engaged to Simon.,nia;nia teppelin;teppelin,https://via.placeholder.com/500x700.png?text=Nia+Teppelin&72829e1c
291,Adiane,Gurren Lagann,villain,Uncommon,37,2,Scorpion-tailed Beastman general.,adi;adiane,https://via.placeholder.com/500x700.png?text=Adiane&b16579db
292,Lumine,Genshin Impact,main,Epic,61,4,Traveling protagonist searching for her twin across Teyvat.,lum;lumine,https://via.placeholder.com/500x700.png?text=Lumine&0e54f060
293,Jean Gunnhildr,Genshin Impact,side,Epic,70,4,Anemo sword Acting Grand Master of the Knights of Favonius.,gunnhildr;jea;jean;jean gunnhildr,https://via.placeholder.com/500x700.png?text=Jean+Gunnhildr&bca996e2
294,Lisa Minci,Genshin Impact,side,Rare,41,3,Electro catalyst librarian with flirtatious charm.,lis;lisa;lisa minci;minci,https://via.placeholder.com/500x700.png?text=Lisa+Minci&99de11b1
295,Amber,Genshin Impact,side,Rare,41,3,Bunny-dropping Outrider of the Knights of Favonius.,amb;amber,https://via.placeholder.com/500x700.png?text=Amber&88068e33
296,Barbara Pegg,Genshin Impact,side,Rare,58,3,Hydro healer and idol of the Church of Favonius.,bar;barbara;barbara pegg;pegg,https://via.placeholder.com/500x700.png?text=Barbara+Pegg&94237a36
297,Keqing,Genshin Impact,side,Epic,75,4,Electro sword Yuheng of the Liyue Qixing.,keq;keqing,https://via.placeholder.com/500x700.png?text=Keqing&b7a3b47b
298,Ningguang,Genshin Impact,side,Rare,56,3,Geo catalyst Tianquan who owns the Jade Chamber.,nin;ningguang,https://via.placeholder.com/500x700.png?text=Ningguang&00f6b395
299,Beidou,Genshin Impact,side,Rare,56,3,Electro claymore captain of the Crux Fleet.,bei;beidou,https://via.placeholder.com/500x700.png?text=Beidou&9c5bf3d4
300,Xiangling,Genshin Impact,side,Rare,45,3,Pyro polearm chef of Wanmin Restaurant.,xia;xiangling,https://via.placeholder.com/500x700.png?text=Xiangling&0b95de12
301,Ganyu,Genshin Impact,side,Legendary,80,5,Half-qilin Cryo bow user and Yuehai Pavilion secretary.,gan;ganyu,https://via.placeholder.com/500x700.png?text=Ganyu&6e6b3dca
302,Hu Tao,Genshin Impact,side,Legendary,88,5,Pyro polearm director of the Wangsheng Funeral Parlor.,hu;hu tao;tao,https://via.placeholder.com/500x700.png?text=Hu+Tao&bbd86d8d
303,Raiden Shogun,Genshin Impact,main,Legendary,81,5,Electro archon who meditates eternity in the Plane of Euthymia.,rai;raiden;raiden shogun;shogun,https://via.placeholder.com/500x700.png?text=Raiden+Shogun&15d06f1b
304,Yae Miko,Genshin Impact,side,Epic,65,4,Electro catalyst fox shrine maiden of the Grand Narukami.,miko;yae;yae miko,https://via.placeholder.com/500x700.png?text=Yae+Miko&a5ff47f0
305,Kamisato Ayaka,Genshin Impact,side,Legendary,81,5,Cryo sword eldest daughter of the Yashiro Commission.,ayaka;kam;kamisato;kamisato ayaka,https://via.placeholder.com/500x700.png?text=Kamisato+Ayaka&050f72f0
306,Yoimiya,Genshin Impact,side,Rare,59,3,Pyro bow fireworks artisan of Naganohara.,yoi;yoimiya,https://via.placeholder.com/500x700.png?text=Yoimiya&f010548a
307,Kiana Kaslana,Honkai Impact 3rd,main,Epic,62,4,White Comet Valkyrie whose body houses the Herrscher of the Void.,kaslana;kia;kiana;kiana kaslana,https://via.placeholder.com/500x700.png?text=Kiana+Kaslana&b88b6174
308,Mei Raiden,Honkai Impact 3rd,main,Epic,67,4,Herrscher of Thunder transferred to St. Freya Academy.,mei;mei raiden;raiden,https://via.placeholder.com/500x700.png?text=Mei+Raiden&4baa480a
309,Bronya Zaychik,Honkai Impact 3rd,main,Epic,72,4,Silver wolf hacker and anti-Honkai mech pilot.,bro;bronya;bronya zaychik;zaychik,https://via.placeholder.com/500x700.png?text=Bronya+Zaychik&baea02e2
310,Himeko Murata,Honkai Impact 3rd,side,Rare,43,3,Vermilion Knight valkyrie and academy teacher.,him;himeko;himeko murata;murata,https://via.placeholder.com/500x700.png?text=Himeko+Murata&d39b4835
311,Fu Hua,Honkai Impact 3rd,side,Rare,58,3,Phoenix immortal guardian of humanity.,fu;fu hua;hua,https://via.placeholder.com/500x700.png?text=Fu+Hua&879ca2f9
312,Seele Vollerei,Honkai Impact 3rd,side,Epic,67,4,Stigma-bearing girl with the St. Freya dark form.,see;seele;seele vollerei;vollerei,https://via.placeholder.com/500x700.png?text=Seele+Vollerei&f5c2f891
313,Rita Rossweisse,Honkai Impact 3rd,side,Rare,58,3,Elegant maid and Schicksal vice captain.,rit;rita;rita rossweisse;rossweisse,https://via.placeholder.com/500x700.png?text=Rita+Rossweisse&5da2a63a
314,Theresa Apocalypse,Honkai Impact 3rd,side,Rare,59,3,Tiny principal of St. Freya Academy with Oath of Judah.,apocalypse;the;theresa;theresa apocalypse,https://via.placeholder.com/500x700.png?text=Theresa+Apocalypse&eef40b78
315,Kagura,Gintama,main,Epic,61,4,Yato alien girl with a giant umbrella and bottomless appetite.,kag;kagura,https://via.placeholder.com/500x700.png?text=Kagura&a15b0d34
316,Otae Shimura,Gintama,side,Rare,59,3,Cabby sister who makes lethal egg-rice dishes.,ota;otae;otae shimura;shimura,https://via.placeholder.com/500x700.png?text=Otae+Shimura&0171afd1
317,Kyuubei Yagyu,Gintama,side,Uncommon,22,2,Heir to the Yagyu school with a metal arm.,kyu;kyuubei;kyuubei yagyu;yagyu,https://via.placeholder.com/500x700.png?text=Kyuubei+Yagyu&7c95e03c
318,Sacchan,Gintama,support,Uncommon,33,2,Masochistic kunoichi with a crush on Gintoki.,sac;sacchan,https://via.placeholder.com/500x700.png?text=Sacchan&80074155
319,Catherine,Gintama,support,Common,19,1,Cat-eared ex-thief who works at Otose's bar.,cat;catherine,https://via.placeholder.com/500x700.png?text=Catherine&f5c3ac4c
320,Fubuki,One Punch Man,side,Epic,78,4,Esper leader of the Blizzard Group and Tatsumaki's sister.,fub;fubuki,https://via.placeholder.com/500x700.png?text=Fubuki&af726e16
321,Tatsumaki,One Punch Man,side,Epic,76,4,S-class Tornado of Terror with immense psychic power.,tat;tatsumaki,https://via.placeholder.com/500x700.png?text=Tatsumaki&ff00823b
322,Mizuki,One Punch Man,support,Common,11,1,Athletic hero with beast-like legs.,miz;mizuki,https://via.placeholder.com/500x700.png?text=Mizuki&2ed6f3c1
323,Tsubomi Takane,Mob Psycho 100,support,Uncommon,28,2,Mob's crush who sits by the window.,takane;tsu;tsubomi;tsubomi takane,https://via.placeholder.com/500x700.png?text=Tsubomi+Takane&6d640689
324,Tome Kurata,Mob Psycho 100,side,Uncommon,26,2,Body Improvement Club-adjacent telepathy enthusiast.,kurata;tom;tome;tome kurata,https://via.placeholder.com/500x700.png?text=Tome+Kurata&2e1f22e9
325,Emi,Mob Psycho 100,support,Common,11,1,Classmate who briefly used Mob for a fake romance.,emi,https://via.placeholder.com/500x700.png?text=Emi&b658e842
326,Kiyoko Shimizu,Haikyuu,side,Rare,47,3,Karasuno volleyball team manager with glasses.,kiy;kiyoko;kiyoko shimizu;shimizu,https://via.placeholder.com/500x700.png?text=Kiyoko+Shimizu&dca56482
327,Hitoka Yachi,Haikyuu,side,Rare,48,3,Anxious blonde junior manager of Karasuno.,hit;hitoka;hitoka yachi;yachi,https://via.placeholder.com/500x700.png?text=Hitoka+Yachi&ada979d1
328,Alisa Haiba,Haikyuu,support,Common,13,1,Lev's tall Russian-Japanese sister.,ali;alisa;alisa haiba;haiba,https://via.placeholder.com/500x700.png?text=Alisa+Haiba&49a8ccda
329,Nobara Kugisaki,Jujutsu Kaisen,main,Legendary,82,5,Confident first-year sorcerer with a hammer and nails.,kugisaki;nob;nobara;nobara kugisaki,https://via.placeholder.com/500x700.png?text=Nobara+Kugisaki&c82735f1
330,Maki Zenin,Jujutsu Kaisen,side,Epic,69,4,Heavenly Restriction powerhouse second-year.,mak;maki;maki zenin;zenin,https://via.placeholder.com/500x700.png?text=Maki+Zenin&c6783401
331,Shoko Ieiri,Jujutsu Kaisen,side,Uncommon,34,2,Reverse-cursed technique doctor at Jujutsu High.,ieiri;sho;shoko;shoko ieiri,https://via.placeholder.com/500x700.png?text=Shoko+Ieiri&3b04929b
332,Mei Mei,Jujutsu Kaisen,side,Uncommon,30,2,Mercenary grade-1 sorcerer with a crow shikigami.,mei;mei mei,https://via.placeholder.com/500x700.png?text=Mei+Mei&ed909e06
333,Kasumi Miwa,Jujutsu Kaisen,side,Uncommon,22,2,Kyoto High second-year with a simple domain sword style.,kas;kasumi;kasumi miwa;miwa,https://via.placeholder.com/500x700.png?text=Kasumi+Miwa&53a4e06a
334,Mai Zenin,Jujutsu Kaisen,side,Uncommon,20,2,Twisted-twin Kyoto High sorcerer with a cursed revolver.,mai;mai zenin;zenin,https://via.placeholder.com/500x700.png?text=Mai+Zenin&280bd9c7
335,Makima,Chainsaw Man,villain,Mythic,98,6,Calculating leader of Division 4 with control devil powers.,mak;makima,https://via.placeholder.com/500x700.png?text=Makima&314269bb
336,Power,Chainsaw Man,main,Legendary,89,5,Blood-fiend hybrid with the personality of a bratty beast.,pow;power,https://via.placeholder.com/500x700.png?text=Power&dd4fe0cc
337,Himeno,Chainsaw Man,side,Epic,78,4,Eye-patched veteran with the Ghost Devil contract.,him;himeno,https://via.placeholder.com/500x700.png?text=Himeno&72d321bf
338,Kobeni Higashiyama,Chainsaw Man,side,Rare,43,3,Nervous contract killer with a knife and a chicken contract.,higashiyama;kob;kobeni;kobeni higashiyama,https://via.placeholder.com/500x700.png?text=Kobeni+Higashiyama&30dfdb86
339,Quanxi,Chainsaw Man,villain,Rare,42,3,Crossbow-fiend hybrid and infamous assassin.,qua;quanxi,https://via.placeholder.com/500x700.png?text=Quanxi&cdd4045a
340,Yor Forger,Spy x Family,main,Legendary,88,5,Thorn Princess assassin posing as a normal mother.,forger;yor;yor forger,https://via.placeholder.com/500x700.png?text=Yor+Forger&898c9e1d
341,Anya Forger,Spy x Family,main,Mythic,96,6,Telepathic pink-haired girl adopted into the Forger family.,any;anya;anya forger;forger,https://via.placeholder.com/500x700.png?text=Anya+Forger&5649a45c
342,Fiona Frost,Spy x Family,side,Rare,56,3,Nightfall WISE agent secretly pining for Loid.,fio;fiona;fiona frost;frost,https://via.placeholder.com/500x700.png?text=Fiona+Frost&eb1356bf
343,Gudrid,Vinland Saga,side,Rare,48,3,Bold Norse explorer wife of Thorfinn.,gud;gudrid,https://via.placeholder.com/500x700.png?text=Gudrid&3c7160ad
344,Thorunn,Vinland Saga,side,Uncommon,24,2,Ketil's daughter who loses her freedom.,tho;thorunn,https://via.placeholder.com/500x700.png?text=Thorunn&dfd14536
345,Riko,Made in Abyss,main,Epic,71,4,Orphan cave raider descending to the Abyss' bottom.,rik;riko,https://via.placeholder.com/500x700.png?text=Riko&4d2c2d4f
346,Nanachi,Made in Abyss,side,Legendary,94,5,Fluffy hollow who can see the curse of the Abyss.,nan;nanachi,https://via.placeholder.com/500x700.png?text=Nanachi&cd867f3a
347,Faputa,Made in Abyss,villain,Rare,42,3,Princess of hollows and embodiment of value.,fap;faputa,https://via.placeholder.com/500x700.png?text=Faputa&8b57c74c
348,Ozen,Made in Abyss,side,Rare,47,3,White whistle immovable lord with immense strength.,oze;ozen,https://via.placeholder.com/500x700.png?text=Ozen&561e81fa
349,Eris Boreas Greyrat,Mushoku Tensei,main,Epic,71,4,Sword-queen tsundere noble who journeys with Rudeus.,eri;eris;eris boreas;eris boreas greyrat;eris greyrat;greyrat,https://via.placeholder.com/500x700.png?text=Eris+Boreas+Greyrat&6fb8761b
350,Roxy Migurdia,Mushoku Tensei,main,Legendary,84,5,Blue-haired demon mage who is Rudeus' first teacher.,migurdia;rox;roxy;roxy migurdia,https://via.placeholder.com/500x700.png?text=Roxy+Migurdia&cbc44585
351,Sylphiette,Mushoku Tensei,main,Epic,65,4,Green-haired elf-like girl who reincarnates as Rudeus' devoted wife.,syl;sylphiette,https://via.placeholder.com/500x700.png?text=Sylphiette&3f089cfd
352,Zenith Greyrat,Mushoku Tensei,side,Uncommon,34,2,Rudeus' healing-mage mother.,greyrat;zen;zenith;zenith greyrat,https://via.placeholder.com/500x700.png?text=Zenith+Greyrat&a75afb86
353,Lilia,Mushoku Tensei,support,Uncommon,37,2,Greyrat family maid and mother of Aisha.,lil;lilia,https://via.placeholder.com/500x700.png?text=Lilia&baff9808
354,Hestia,DanMachi,main,Epic,69,4,Small-busted goddess with a big love for her adventurer Bell.,hes;hestia,https://via.placeholder.com/500x700.png?text=Hestia&aae38e76
355,Ais Wallenstein,DanMachi,main,Epic,79,4,Silent swordswoman of the Loki Familia.,ais;ais wallenstein;wallenstein,https://via.placeholder.com/500x700.png?text=Ais+Wallenstein&310e54b5
356,Liliruca Arde,DanMachi,side,Rare,56,3,Scheming supporter-turned-loyal friend of Bell.,arde;lil;liliruca;liliruca arde,https://via.placeholder.com/500x700.png?text=Liliruca+Arde&90a484e8
357,Ryu Lion,DanMachi,side,Rare,40,3,Elven waitress of the Hostess of Fertility and ex-Adventurer.,lion;ryu;ryu lion,https://via.placeholder.com/500x700.png?text=Ryu+Lion&2122ab90
358,Freya,DanMachi,villain,Rare,57,3,Goddess of beauty obsessed with Bell's soul.,fre;freya,https://via.placeholder.com/500x700.png?text=Freya&52c671c1
359,Yumeko Jabami,Kakegurui,main,Legendary,84,5,Compulsive gambling transfer student addicted to risk.,jabami;yum;yumeko;yumeko jabami,https://via.placeholder.com/500x700.png?text=Yumeko+Jabami&63fd2ecd
360,Mary Saotome,Kakegurui,side,Rare,43,3,Blonde classmate who claws her way up the student hierarchy.,mar;mary;mary saotome;saotome,https://via.placeholder.com/500x700.png?text=Mary+Saotome&14e4c0d5
361,Kirari Momobami,Kakegurui,villain,Rare,44,3,Student council president who rules Hyakkaou Academy.,kir;kirari;kirari momobami;momobami,https://via.placeholder.com/500x700.png?text=Kirari+Momobami&dad1e6df
362,AE3803,Cells at Work!,main,Rare,48,3,Energetic rookie red blood cell ferrying oxygen.,ae3;ae3803,https://via.placeholder.com/500x700.png?text=AE3803&7b07e1ab
363,Macrophage,Cells at Work!,side,Uncommon,23,2,Maid-aproned white blood cell with a terrifying smile.,mac;macrophage,https://via.placeholder.com/500x700.png?text=Macrophage&8e9d7b49
364,Lilynette Gingerback,Bleach,side,Common,4,1,Starrk's other half in child form.,gingerback;lil;lilynette;lilynette gingerback,https://via.placeholder.com/500x700.png?text=Lilynette+Gingerback&44976e00
365,Meninas Mcallon,Bleach,villain,Common,18,1,Sternritter P with super-strength.,mcallon;men;meninas;meninas mcallon,https://via.placeholder.com/500x700.png?text=Meninas+Mcallon&f6bf912f
366,Bambietta Basterbine,Bleach,villain,Uncommon,24,2,Sternritter E whose bombs explode anything.,bam;bambietta;bambietta basterbine;basterbine,https://via.placeholder.com/500x700.png?text=Bambietta+Basterbine&f860f672
367,Tamaki Kotatsu,Fire Force,side,Rare,48,3,Cat-eye third gen with the unlucky Lucky Lechery curse.,kotatsu;tam;tamaki;tamaki kotatsu,https://via.placeholder.com/500x700.png?text=Tamaki+Kotatsu&88cd6df6
368,Maki Oze,Fire Force,side,Rare,49,3,Military-trained second gen witch of flames.,mak;maki;maki oze;oze,https://via.placeholder.com/500x700.png?text=Maki+Oze&39aaf611
369,Iris,Fire Force,support,Uncommon,39,2,Sunrise nun of Company 8 with healing prayers.,iri;iris,https://via.placeholder.com/500x700.png?text=Iris&d25c7286
370,Kohaku,Dr. Stone,main,Epic,66,4,Lithe warrior priestess of Ishigami Village.,koh;kohaku,https://via.placeholder.com/500x700.png?text=Kohaku&5583376d
371,Suika,Dr. Stone,support,Rare,50,3,Melon-helmet girl who becomes Senku's loyal scout.,sui;suika,https://via.placeholder.com/500x700.png?text=Suika&91064bdd
372,Kizmel,Sword Art Online,side,Uncommon,26,2,Elf knight NPC who walks alongside Kirito and Asuna.,kiz;kizmel,https://via.placeholder.com/500x700.png?text=Kizmel&0a978bfb
373,Miia,Monster Musume,main,Rare,48,3,Lamia exchange student who coils around her darling.,mii;miia,https://via.placeholder.com/500x700.png?text=Miia&b260e9f6
374,Papi,Monster Musume,side,Uncommon,36,2,Harpy bird-brained girl with colorful wings.,pap;papi,https://via.placeholder.com/500x700.png?text=Papi&36ef4a8a
375,Centorea Shianus,Monster Musume,side,Uncommon,35,2,Proud centaur knight devoted to her master.,cen;centorea;centorea shianus;shianus,https://via.placeholder.com/500x700.png?text=Centorea+Shianus&9a0c1838
376,Suu,Monster Musume,side,Uncommon,28,2,Slime girl who learns by absorbing others.,suu,https://via.placeholder.com/500x700.png?text=Suu&630d9954
377,Mero,Monster Musume,support,Uncommon,21,2,Mermaid princess with a tragic-victim fantasy.,mer;mero,https://via.placeholder.com/500x700.png?text=Mero&22bca057
378,Roka Shibasaki,D-Frag,main,Uncommon,22,2,Bag-wielding club president known as the Legendary Element.,rok;roka;roka shibasaki;shibasaki,https://via.placeholder.com/500x700.png?text=Roka+Shibasaki&f39ac980
379,Takao,D-Frag,side,Uncommon,33,2,Bucket-hat girl with serious glasses and a fierce rivalry.,tak;takao,https://via.placeholder.com/500x700.png?text=Takao&f945ede2
380,Funabori,D-Frag,support,Common,9,1,Diligent public morals committee member.,fun;funabori,https://via.placeholder.com/500x700.png?text=Funabori&2e9df949
381,Kaguya Shinomiya,Kaguya-sama: Love is War,main,Legendary,80,5,Ice-cold heiress scheming to make Miyuki confess.,kag;kaguya;kaguya shinomiya;shinomiya,https://via.placeholder.com/500x700.png?text=Kaguya+Shinomiya&52e2d23f
382,Chika Fujiwara,Kaguya-sama: Love is War,side,Legendary,80,5,Bubbly secretary who loves games and cheats at them.,chi;chika;chika fujiwara;fujiwara,https://via.placeholder.com/500x700.png?text=Chika+Fujiwara&6adaa842
383,Miko Iino,Kaguya-sama: Love is War,side,Rare,50,3,Stern ethics committee member hiding her idol fandom.,iino;mik;miko;miko iino,https://via.placeholder.com/500x700.png?text=Miko+Iino&e7cfb19a
384,Ai Hayasaka,Kaguya-sama: Love is War,side,Rare,44,3,Kaguya's versatile maid with a chameleon persona.,ai;ai hayasaka;hayasaka,https://via.placeholder.com/500x700.png?text=Ai+Hayasaka&f0718532
385,Tsubame Koyasu,Kaguya-sama: Love is War,support,Uncommon,28,2,Cheerful senior who Ishigami pines for.,koyasu;tsu;tsubame;tsubame koyasu,https://via.placeholder.com/500x700.png?text=Tsubame+Koyasu&829d2e22
386,Tomo Aizawa,Tomo-chan is a Girl,main,Rare,45,3,Tomboy martial artist trying to feel more feminine.,aizawa;tom;tomo;tomo aizawa,https://via.placeholder.com/500x700.png?text=Tomo+Aizawa&290023de
387,Misaki Gondo,Tomo-chan is a Girl,side,Uncommon,34,2,Punk senior captain with a crush on Carol.,gondo;mis;misaki;misaki gondo,https://via.placeholder.com/500x700.png?text=Misaki+Gondo&4dc84f0c
388,Carol Olston,Tomo-chan is a Girl,side,Uncommon,37,2,Blonde airhead who schemes matchmaking plots.,car;carol;carol olston;olston,https://via.placeholder.com/500x700.png?text=Carol+Olston&46f59b03
389,Premiere,Sword Art Online,support,Common,14,1,Bell-like SAO girl from Hollow Realization.,pre;premiere,https://via.placeholder.com/500x700.png?text=Premiere&3ae5cd68
390,Raphtalia,Rising of the Shield Hero,main,Legendary,88,5,Raccoon demi-human girl who becomes the Shield Hero's sword.,rap;raphtalia,https://via.placeholder.com/500x700.png?text=Raphtalia&2ad5f038
391,Filo,Rising of the Shield Hero,main,Epic,60,4,Filolial queen chick who can transform into a girl.,fil;filo,https://via.placeholder.com/500x700.png?text=Filo&764014af
392,Melty Melromarc,Rising of the Shield Hero,side,Uncommon,23,2,Second princess of Melromarc and water magic user.,mel;melromarc;melty;melty melromarc,https://via.placeholder.com/500x700.png?text=Melty+Melromarc&781f1894
393,Sadina,Rising of the Shield Hero,support,Common,3,1,Orc-like Demi-human villager of Lurolona.,sad;sadina,https://via.placeholder.com/500x700.png?text=Sadina&154d74ec
394,Selesia Yupitiria,Re:Creators,main,Uncommon,24,2,Mecha anime protagonist summoned to the real world.,sel;selesia;selesia yupitiria;yupitiria,https://via.placeholder.com/500x700.png?text=Selesia+Yupitiria&782b9e0e
395,Meteora Oesterreich,Re:Creators,side,Uncommon,37,2,NPC librarian turned strategist.,met;meteora;meteora oesterreich;oesterreich,https://via.placeholder.com/500x700.png?text=Meteora+Oesterreich&42720742
396,Eugeo's sister,Sword Art Online,support,Common,2,1,Resident of Rulid Village who awaited Eugeo's return.,eug;eugeo's;eugeo's sister;sister,https://via.placeholder.com/500x700.png?text=Eugeo's+sister&7f27f7be
397,Mirai Kuriyama,Kyoukai no Kanata,main,Rare,51,3,Cursed blood-manipulating spirit world warrior.,kuriyama;mir;mirai;mirai kuriyama,https://via.placeholder.com/500x700.png?text=Mirai+Kuriyama&a566fff1
398,Mitsuki Nase,Kyoukai no Kanata,side,Uncommon,38,2,Akihito's childhood friend with spirit world powers.,mit;mitsuki;mitsuki nase;nase,https://via.placeholder.com/500x700.png?text=Mitsuki+Nase&cab62891
399,Sakura Inami,Kyoukai no Kanata,villain,Common,18,1,Tragic younger sister seeking revenge.,inami;sak;sakura;sakura inami,https://via.placeholder.com/500x700.png?text=Sakura+Inami&9a998041
400,Violet Evergarden,Violet Evergarden,main,Epic,64,4,Former child soldier learning to write letters that convey feelings.,evergarden;vio;violet;violet evergarden,https://via.placeholder.com/500x700.png?text=Violet+Evergarden&679ea183
401,Pecorine,Princess Connect Re:Dive,main,Rare,53,3,Eternally hungry princess leader of the Gourmet Guild.,pec;pecorine,https://via.placeholder.com/500x700.png?text=Pecorine&f4450690
402,Kokkoro,Princess Connect Re:Dive,side,Rare,44,3,Tiny elf-like guide who calls Yuuki 'sama'.,kok;kokkoro,https://via.placeholder.com/500x700.png?text=Kokkoro&9b4310f8
403,Kyaru,Princess Connect Re:Dive,side,Rare,41,3,Tsundere catgirl beast with a hidden soft side.,kya;kyaru,https://via.placeholder.com/500x700.png?text=Kyaru&b5689d3d
404,Homura's classmate,Madoka Magica,support,Common,10,1,Generic classmate seated behind Homura.,classmate;hom;homura's;homura's classmate,https://via.placeholder.com/500x700.png?text=Homura's+classmate&05c909d0
405,Louise Francoise Le Blanc de La Valliere,Zero no Tsukaima,main,Epic,71,4,Flat-chested tsundere void mage who summons Saito.,lou;louise;louise francoise;louise francoise le blanc de la valliere;louise valliere;valliere,https://via.placeholder.com/500x700.png?text=Louise+Francoise+Le+Blanc+de+La+Valliere&83bfd736
406,Siesta,Zero no Tsukaima,side,Uncommon,21,2,Sweet maid of the academy who befriends Saito.,sie;siesta,https://via.placeholder.com/500x700.png?text=Siesta&5fe98070
407,Tabitha,Zero no Tsukaima,side,Rare,51,3,Quiet wind-mage bookworm of the academy.,tab;tabitha,https://via.placeholder.com/500x700.png?text=Tabitha&c23fda58
408,Athena Tennos,Hayate no Gotoku,side,Uncommon,26,2,Childhood fiancée of Hayate and royal of royalty.,ath;athena;athena tennos;tennos,https://via.placeholder.com/500x700.png?text=Athena+Tennos&58d0ece1
409,Shiro,Deadman Wonderland,main,Rare,47,3,Pale albino girl in skin-tight suit hiding the Wretched Egg.,shi;shiro,https://via.placeholder.com/500x700.png?text=Shiro&2f5ec23a
410,Toto Sakigami,Deadman Wonderland,villain,Common,4,1,Mockingbird who copies other branches of sin — actually female in origin.,sakigami;tot;toto;toto sakigami,https://via.placeholder.com/500x700.png?text=Toto+Sakigami&0ef4ff15
411,Lucy,Elfen Lied,main,Epic,71,4,Diclonius queen with invisible vectors and a split personality.,luc;lucy,https://via.placeholder.com/500x700.png?text=Lucy&80eb0e61
412,Nana,Elfen Lied,side,Rare,57,3,Silent diclonius girl whose limbs regenerate.,nan;nana,https://via.placeholder.com/500x700.png?text=Nana&72fb5f81
413,Henrietta,Gunslinger Girl,main,Rare,53,3,Cyborg child assassin bonded to her handler Jose.,hen;henrietta,https://via.placeholder.com/500x700.png?text=Henrietta&04c707a7
414,Triela,Gunslinger Girl,side,Uncommon,39,2,Cool cyborg handler-loving operative.,tri;triela,https://via.placeholder.com/500x700.png?text=Triela&6c369768
415,Erina Nakiri,Shokugeki no Soma,main,Epic,64,4,God-tongue heiress of the Totsuki culinary empire.,eri;erina;erina nakiri;nakiri,https://via.placeholder.com/500x700.png?text=Erina+Nakiri&32d07587
416,Megumi Tadokoro,Shokugeki no Soma,main,Rare,47,3,Shy country girl whose cooking carries warmth.,meg;megumi;megumi tadokoro;tadokoro,https://via.placeholder.com/500x700.png?text=Megumi+Tadokoro&9ecbc946
417,Alice Nakiri,Shokugeki no Soma,side,Rare,45,3,Molecular gastronomy genius cousin of Erina.,ali;alice;alice nakiri;nakiri,https://via.placeholder.com/500x700.png?text=Alice+Nakiri&b9fb7acb
418,Tohru Honda,Fruits Basket,main,Epic,65,4,Optimistic orphan who melts the Sohma family curse.,honda;toh;tohru;tohru honda,https://via.placeholder.com/500x700.png?text=Tohru+Honda&d44e3710
419,Yuki Sohma,Fruits Basket,support,Common,14,1,"Reserved rat zodiac — strictly male in canon, included for variety.",sohma;yuk;yuki;yuki sohma,https://via.placeholder.com/500x700.png?text=Yuki+Sohma&e6a8806c
420,Saki Hanajima,Fruits Basket,side,Uncommon,20,2,Goth psychic friend of Tohru with electric waves.,hanajima;sak;saki;saki hanajima,https://via.placeholder.com/500x700.png?text=Saki+Hanajima&a2dec478
421,Arisa Uotani,Fruits Basket,side,Uncommon,25,2,Former sukeban Yankee turned loyal friend.,ari;arisa;arisa uotani;uotani,https://via.placeholder.com/500x700.png?text=Arisa+Uotani&743db08b
422,Kisa Sohma,Fruits Basket,side,Uncommon,30,2,Tiger zodiac shy middle schooler.,kis;kisa;kisa sohma;sohma,https://via.placeholder.com/500x700.png?text=Kisa+Sohma&e0e5cb16
423,Rin Sohma,Fruits Basket,side,Uncommon,33,2,Horse zodiac tsundere tied to Hatsuharu.,rin;rin sohma;sohma,https://via.placeholder.com/500x700.png?text=Rin+Sohma&135a1dea
424,Ahiru,Princess Tutu,main,Uncommon,27,2,Duck-girl who transforms into a magical ballet princess.,ahi;ahiru,https://via.placeholder.com/500x700.png?text=Ahiru&6ae2c6c6
425,Sumire Saito,K-On!,support,Common,9,1,Junior who idolizes Mio in the college arc.,saito;sum;sumire;sumire saito,https://via.placeholder.com/500x700.png?text=Sumire+Saito&a2ed3ef2
426,Sailor Star Maker,Sailor Moon,side,Common,6,1,Starlights trio in male civilian form — female Senshi in true form.,maker;sai;sailor;sailor maker;sailor star;sailor star maker,https://via.placeholder.com/500x700.png?text=Sailor+Star+Maker&687358b7
427,Darry,Gurren Lagann,support,Common,4,1,Twin-tailed gunner pilot of Team Dai-Gurren.,dar;darry,https://via.placeholder.com/500x700.png?text=Darry&faff1b02
428,Eris' grandmother,Mushoku Tensei,support,Common,13,1,Madame swordsman who trains Eris.,eri;eris';eris' grandmother;grandmother,https://via.placeholder.com/500x700.png?text=Eris'+grandmother&9d427505
429,Candice Catnipp,Bleach,villain,Common,2,1,Sternritter T with thunder wings.,can;candice;candice catnipp;catnipp,https://via.placeholder.com/500x700.png?text=Candice+Catnipp&7129a57c
430,Liltotto Lamperouge,Bleach,villain,Common,16,1,Sternritter G whose mouth devours anything.,lamperouge;lil;liltotto;liltotto lamperouge,https://via.placeholder.com/500x700.png?text=Liltotto+Lamperouge&9c176ea8
431,Giselle Gewelle,Bleach,villain,Common,8,1,Sternritter Z who raises the dead with blood.,gewelle;gis;giselle;giselle gewelle,https://via.placeholder.com/500x700.png?text=Giselle+Gewelle&e82363d8
432,Caulifla,Dragon Ball Super,side,Rare,46,3,Universe 6 Saiyan gang leader who reaches Super Saiyan 2 fast.,cau;caulifla,https://via.placeholder.com/500x700.png?text=Caulifla&3beadb67
433,Vados,Dragon Ball Super,side,Uncommon,34,2,Angel attendant of Champa with reality-warping staff.,vad;vados,https://via.placeholder.com/500x700.png?text=Vados&e92c0850
434,Marcarita,Dragon Ball Super,side,Uncommon,31,2,Angel attendant of Belmod.,mar;marcarita,https://via.placeholder.com/500x700.png?text=Marcarita&40d978cf
435,Selene,Fairy Tail,villain,Rare,49,3,Moon dragon god who can bend dimensions.,sel;selene,https://via.placeholder.com/500x700.png?text=Selene&fd189c7d
436,Touka,Fairy Tail,side,Uncommon,27,2,White-haired mysteriously-possessed new recruit.,tou;touka,https://via.placeholder.com/500x700.png?text=Touka&c9e3abf4
437,Kiria,Fairy Tail,villain,Uncommon,27,2,Blade Dragon Slayer of Diabolos guild.,kir;kiria,https://via.placeholder.com/500x700.png?text=Kiria&41a71209
438,Celty Sturluson,Durarara!!,main,Rare,40,3,Headless dullahan biker delivering whispers through Ikebukuro.,cel;celty;celty sturluson;sturluson,https://via.placeholder.com/500x700.png?text=Celty+Sturluson&23c26ac5
439,Anri Sonohara,Durarara!!,side,Uncommon,26,2,Possessor of the demonic sword Saika.,anr;anri;anri sonohara;sonohara,https://via.placeholder.com/500x700.png?text=Anri+Sonohara&baace2f0
440,Himiko,Btooom!,main,Uncommon,32,2,High school girl trapped in a real-life bombing survival game.,him;himiko,https://via.placeholder.com/500x700.png?text=Himiko&6eeb1976
441,Elfuda,Plus-Sized Elf,main,Uncommon,30,2,Curvy elf who can't stop eating fast food.,elf;elfuda,https://via.placeholder.com/500x700.png?text=Elfuda&e2d5967b
442,Tsumugi Inuzuka,Sweetness & Lightning,main,Uncommon,28,2,Cheerful preschooler learning to cook with her dad.,inuzuka;tsu;tsumugi;tsumugi inuzuka,https://via.placeholder.com/500x700.png?text=Tsumugi+Inuzuka&443d6b06
443,Popura Taneshima,Working!!,main,Uncommon,22,2,Petite big-chested waitress mistaken for a child.,pop;popura;popura taneshima;taneshima,https://via.placeholder.com/500x700.png?text=Popura+Taneshima&13b63faa
444,Mahiru Inami,Working!!,side,Uncommon,28,2,Androphobic waitress with a devastating right hook.,inami;mah;mahiru;mahiru inami,https://via.placeholder.com/500x700.png?text=Mahiru+Inami&99b099c8
445,Yachiyo Todoroki,Working!!,side,Uncommon,31,2,Katana-carrying waitress secretly crushing on the manager.,todoroki;yac;yachiyo;yachiyo todoroki,https://via.placeholder.com/500x700.png?text=Yachiyo+Todoroki&16ad13b2
446,Meiko Shiraki,Prison School,side,Rare,56,3,Tower-tall USC vice president in a revealing uniform.,mei;meiko;meiko shiraki;shiraki,https://via.placeholder.com/500x700.png?text=Meiko+Shiraki&9180e498
447,Hana Midorikawa,Prison School,side,Rare,52,3,Stoic USC secretary with a secret kink.,han;hana;hana midorikawa;midorikawa,https://via.placeholder.com/500x700.png?text=Hana+Midorikawa&b1c5aeb1
448,Mari Kurihara,Prison School,villain,Rare,57,3, USC president who rules Hachimitsu Academy.,kurihara;mar;mari;mari kurihara,https://via.placeholder.com/500x700.png?text=Mari+Kurihara&80c2eef4
449,Rindo Kobayashi,Shokugeki no Soma,side,Uncommon,30,2,Second seat of Central who loves exotic ingredients.,kobayashi;rin;rindo;rindo kobayashi,https://via.placeholder.com/500x700.png?text=Rindo+Kobayashi&60f59a37
450,Neferpitou,Hunter x Hunter,villain,Epic,60,4,Cat-like chimera ant royal guard with en surgery.,nef;neferpitou,https://via.placeholder.com/500x700.png?text=Neferpitou&c1fe7402
451,Shizuku Murasaki,Hunter x Hunter,villain,Rare,43,3,Phantom troupe member whose vacuum sweeper Blinky eats anything.,murasaki;shi;shizuku;shizuku murasaki,https://via.placeholder.com/500x700.png?text=Shizuku+Murasaki&e3de2502
452,Machi Komacine,Hunter x Hunter,villain,Rare,48,3,Phantom troupe seamstress who threads aura.,komacine;mac;machi;machi komacine,https://via.placeholder.com/500x700.png?text=Machi+Komacine&6650d26e
453,Ponzu,Hunter x Hunter,side,Uncommon,25,2,Bee-raising hunter candidate of the hunter exam.,pon;ponzu,https://via.placeholder.com/500x700.png?text=Ponzu&6cc8d2b8
454,Mary Saotome (Year 1),Kakegurui Twin,main,Uncommon,38,2,Freshman Mary clawing her way up the ranks — duplicate variant.,1);mar;mary;mary 1);mary saotome;mary saotome (year 1),https://via.placeholder.com/500x700.png?text=Mary+Saotome+(Year+1)&b7ec2afc
455,Susamaru,Demon Slayer,villain,Uncommon,28,2,Temari demon who hurls balls with deadly force.,sus;susamaru,https://via.placeholder.com/500x700.png?text=Susamaru&ec5ca6f9
456,Spider Demon (Mother),Demon Slayer,villain,Common,2,1,Puppet-string controlling spider demon of Mt. Natagumo.,(mother);spi;spider;spider (mother);spider demon;spider demon (mother),https://via.placeholder.com/500x700.png?text=Spider+Demon+(Mother)&ee342673
457,Doma's follower,Demon Slayer,support,Common,4,1,Background cultist of the Eternal Paradise cult.,dom;doma's;doma's follower;follower,https://via.placeholder.com/500x700.png?text=Doma's+follower&4cecf188
458,Shuren,Bleach,villain,Common,14,1,Togabito villain from the Hell Verse film.,shu;shuren,https://via.placeholder.com/500x700.png?text=Shuren&fcfbb054
459,Guren,Naruto Shippuden,villain,Uncommon,31,2,Crystal-style user loyal to Orochimaru.,gur;guren,https://via.placeholder.com/500x700.png?text=Guren&b8c811d7
460,Isaribi,Naruto Shippuden,side,Common,11,1,Sea-bound experiment girl saved by Naruto.,isa;isaribi,https://via.placeholder.com/500x700.png?text=Isaribi&5b1a34d6
461,Miss All Sunday (Robin alt),One Piece,support,Common,14,1,Earlier alias of Nico Robin in Baroque Works.,alt);mis;miss;miss all;miss all sunday (robin alt);miss alt),https://via.placeholder.com/500x700.png?text=Miss+All+Sunday+(Robin+alt)&c7028fbd
462,Kuina,One Piece,support,Uncommon,39,2,Zoro's childhood rival who tragically fell down stairs.,kui;kuina,https://via.placeholder.com/500x700.png?text=Kuina&fd973ee8
463,Charloss' mother,One Piece,support,Common,17,1,Saint Celestial Dragon — background noble.,cha;charloss';charloss' mother;mother,https://via.placeholder.com/500x700.png?text=Charloss'+mother&1e486903
464,Makino's daughter,One Piece,support,Common,4,1,Background child of Makino in post-timeskip.,daughter;mak;makino's;makino's daughter,https://via.placeholder.com/500x700.png?text=Makino's+daughter&352bfa19
465,Princess Orochi's wife,One Piece,support,Common,13,1,Wano kunoichi spouse of the shogun.,pri;princess;princess orochi's;princess orochi's wife;princess wife;wife,https://via.placeholder.com/500x700.png?text=Princess+Orochi's+wife&34ef73d6
466,Nozomi Kujo,Bleach,side,Common,19,1,Mod soul from the Zanpakuto Rebellion arc.,kujo;noz;nozomi;nozomi kujo,https://via.placeholder.com/500x700.png?text=Nozomi+Kujo&f53c9b93
467,Banri Edasaki,Toaru Kagaku no Railgun,support,Common,7,1,Child friend of the research orphanage.,ban;banri;banri edasaki;edasaki,https://via.placeholder.com/500x700.png?text=Banri+Edasaki&d83a5bb5
468,Therestina Kihara,Toaru Kagaku no Railgun,villain,Common,9,1,Kihara scientist who manipulated the children.,kihara;the;therestina;therestina kihara,https://via.placeholder.com/500x700.png?text=Therestina+Kihara&404eae57
469,Rikka,Bleach,support,Common,2,1,Memory rosary girl from Fade to Black.,rik;rikka,https://via.placeholder.com/500x700.png?text=Rikka&faf87a96
470,Bra,Dragon Ball GT,side,Common,14,1,Vegeta and Bulma's teenage daughter.,bra,https://via.placeholder.com/500x700.png?text=Bra&524238c5
471,Komugi,Hunter x Hunter,support,Uncommon,20,2,Gungi genius who melted Meruem's heart.,kom;komugi,https://via.placeholder.com/500x700.png?text=Komugi&59c0d63f
472,Biscuit Krueger,Hunter x Hunter,side,Rare,56,3,Muscle-bound senior hunter in a child's form.,bis;biscuit;biscuit krueger;krueger,https://via.placeholder.com/500x700.png?text=Biscuit+Krueger&28fb051b
473,Alluka Zoldyck,Hunter x Hunter,side,Uncommon,37,2,Mysterious sibling whose wish-granting entity Nanika lives within.,all;alluka;alluka zoldyck;zoldyck,https://via.placeholder.com/500x700.png?text=Alluka+Zoldyck&82d90592
474,Kanoka Amane,Haikyuu,support,Common,7,1,Hinata's middle school friend on the girls' volleyball team.,amane;kan;kanoka;kanoka amane,https://via.placeholder.com/500x700.png?text=Kanoka+Amane&d8fc23bf
475,Riko Amanai,Jujutsu Kaisen,side,Uncommon,31,2,Star plasma vessel whose assassination changes history.,amanai;rik;riko;riko amanai,https://via.placeholder.com/500x700.png?text=Riko+Amanai&c1ab5e4b
476,Angel,Jujutsu Kaisen,villain,Uncommon,33,2,Cursed womb special grade from the Culling Game.,ang;angel,https://via.placeholder.com/500x700.png?text=Angel&c973d4a3
477,Kanao (Tsuguko),Demon Slayer,side,Common,3,1,Late-arc Kanao variant reserved for spawn pool duplicate.,(tsuguko);kan;kanao;kanao (tsuguko),https://via.placeholder.com/500x700.png?text=Kanao+(Tsuguko)&4d8123b7
478,Mitsuri (Awakened),Demon Slayer,side,Common,11,1,Late-arc Mitsuri variant for special spawns.,(awakened);mit;mitsuri;mitsuri (awakened),https://via.placeholder.com/500x700.png?text=Mitsuri+(Awakened)&c6688d2a
479,Tine Chelc,Fate/strange Fake,side,Common,11,1,Young girl who summons Gilgamesh in Snowfield.,chelc;tin;tine;tine chelc,https://via.placeholder.com/500x700.png?text=Tine+Chelc&61351dc2
480,Ayaka Sajyou,Fate/strange Fake,side,Common,4,1,Alternative Saber master from the discarded Fate/Prototype.,aya;ayaka;ayaka sajyou;sajyou,https://via.placeholder.com/500x700.png?text=Ayaka+Sajyou&d0c7d333
481,Gumi,Vocaloid,side,Uncommon,29,2,Green-haired Vocaloid voiced by Megumi Nakajima.,gum;gumi,https://via.placeholder.com/500x700.png?text=Gumi&205e72d9
482,IA,Vocaloid,support,Common,17,1,Pastel-haired Vocaloid voiced by Lia.,ia,https://via.placeholder.com/500x700.png?text=IA&b97267fa
483,Moeka,Kaguya-sama: Love is War,support,Common,10,1,Background classmate seated next to Shirogane.,moe;moeka,https://via.placeholder.com/500x700.png?text=Moeka&73e53ac2
484,Kasumi,Demon Slayer,support,Common,14,1,Light novel-only villager saved by Tanjiro.,kas;kasumi,https://via.placeholder.com/500x700.png?text=Kasumi&667a0f9e
485,Shenhe,Genshin Impact,side,Epic,70,4,Cryo polearm disciple of Cloud Retainer with a red rope.,she;shenhe,https://via.placeholder.com/500x700.png?text=Shenhe&a5958f41
486,Yelan,Genshin Impact,side,Rare,52,3,Hydro bow intelligence officer of Liyue's ministry.,yel;yelan,https://via.placeholder.com/500x700.png?text=Yelan&58c563a4
487,Nilou,Genshin Impact,side,Rare,49,3,Hydro sword dancer of the Zubayr Theater.,nil;nilou,https://via.placeholder.com/500x700.png?text=Nilou&a1b6f661
488,Nahida,Genshin Impact,main,Legendary,88,5,Dendro archon of Sumeru — also known as Lesser Lord Kusanali.,nah;nahida,https://via.placeholder.com/500x700.png?text=Nahida&d3145960
489,Furina,Genshin Impact,main,Legendary,82,5,Hydro archon of Fontaine masquerading as a theatrical sovereign.,fur;furina,https://via.placeholder.com/500x700.png?text=Furina&78ab9d43
490,March 7th,Honkai: Star Rail,main,Epic,66,4,Amnesiac ice-preservation girl with a camera and pink bow.,7th;mar;march;march 7th,https://via.placeholder.com/500x700.png?text=March+7th&a48b07e3
491,Kafka,Honkai: Star Rail,side,Epic,73,4,Stellaron Hunter who uses Spirit Whisper to manipulate.,kaf;kafka,https://via.placeholder.com/500x700.png?text=Kafka&51be25b0
492,Himeko,Honkai: Star Rail,side,Rare,52,3,Astronomer captain of the Astral Express with coffee always nearby.,him;himeko,https://via.placeholder.com/500x700.png?text=Himeko&eff06b1e
493,Bronya Rand,Honkai: Star Rail,side,Rare,45,3,Heir to Belobog's supreme guardian.,bro;bronya;bronya rand;rand,https://via.placeholder.com/500x700.png?text=Bronya+Rand&a4e7734f
494,Tingyun,Honkai: Star Rail,side,Uncommon,39,2,Foxian merchant with cunning negotiation skills.,tin;tingyun,https://via.placeholder.com/500x700.png?text=Tingyun&41583b79
495,Seele Vollerei (HSR),Honkai: Star Rail,side,Rare,58,3,Wildfire member with quantum butterfly attacks.,(hsr);see;seele;seele (hsr);seele vollerei;seele vollerei (hsr),https://via.placeholder.com/500x700.png?text=Seele+Vollerei+(HSR)&de34e23b
496,Loly Aivirrne,Bleach,villain,Common,10,1,Jealous arrancar with thorned release.,aivirrne;lol;loly;loly aivirrne,https://via.placeholder.com/500x700.png?text=Loly+Aivirrne&b859d8cb
497,Menoly Mallia,Bleach,villain,Common,13,1,Loly's anxious arrancar companion.,mallia;men;menoly;menoly mallia,https://via.placeholder.com/500x700.png?text=Menoly+Mallia&02eb7d84
498,Tashigi (post-timeskip),One Piece,side,Common,18,1,Post-timeskip Tashigi variant for special spawn.,(post-timeskip);tas;tashigi;tashigi (post-timeskip),https://via.placeholder.com/500x700.png?text=Tashigi+(post-timeskip)&0c2f9c80
499,Vivi (reverie),One Piece,side,Common,1,1,Reverie arc Vivi variant reserved for plot events.,(reverie);viv;vivi;vivi (reverie),https://via.placeholder.com/500x700.png?text=Vivi+(reverie)&5f46f808
500,Yamato (Oni Princess),One Piece,side,Common,10,1,Yamato alternate variant reserved for special spawn.,princess);yam;yamato;yamato (oni;yamato (oni princess);yamato princess),https://via.placeholder.com/500x700.png?text=Yamato+(Oni+Princess)&c9430a17
501,Pieck (Cart Titan alt),Attack on Titan,side,Common,10,1,Pieck alternate titan-form variant.,alt);pie;pieck;pieck (cart;pieck (cart titan alt);pieck alt),https://via.placeholder.com/500x700.png?text=Pieck+(Cart+Titan+alt)&98a1d26f
502,Gabi (Warrior alt),Attack on Titan,side,Common,7,1,Gabi in warrior uniform variant.,alt);gab;gabi;gabi (warrior;gabi (warrior alt);gabi alt),https://via.placeholder.com/500x700.png?text=Gabi+(Warrior+alt)&ca090763
503,Queen Serenity,Sailor Moon,support,Uncommon,33,2,Late queen of the Silver Millennium.,que;queen;queen serenity;serenity,https://via.placeholder.com/500x700.png?text=Queen+Serenity&e102efb8
504,Iris,Konosuba,side,Uncommon,38,2,Princess of Belzerg who develops a crush on Kazuma.,iri;iris,https://via.placeholder.com/500x700.png?text=Iris&d25c7286
505,Eris,Konosuba,side,Uncommon,39,2,Goddess of the world disguised as thief Chris.,eri;eris,https://via.placeholder.com/500x700.png?text=Eris&0cf27fa5
506,Sphinx,Re:Zero,villain,Common,11,1,Witch of Pride from another timeline.,sph;sphinx,https://via.placeholder.com/500x700.png?text=Sphinx&dcdfb5b0
507,Minerva,Re:Zero,side,Common,15,1,Witch of Wrath who heals by punching.,min;minerva,https://via.placeholder.com/500x700.png?text=Minerva&931603f1
508,Typhon,Re:Zero,side,Common,15,1,Witch of Pride who judges sin through questioning.,typ;typhon,https://via.placeholder.com/500x700.png?text=Typhon&32d8c9c7
